solver_name,run_id,reward_calculator_name,feature_constructor_used_features,acceptance_rate,avg_r2c_ratio,long_term_time_r2c_ratio,long_term_avg_time_revenue,success_count,early_rejection_count,place_failure_count,route_failure_count,total_cost,total_revenue,total_time_revenue,total_time_cost,long_term_r2c_ratio,total_simulation_time,long_term_avg_revenue,long_term_avg_cost,min_p_net_available_resource,min_p_net_node_available_resource,min_p_net_link_available_resource,max_inservice_count,total_violation,total_max_single_step_violation,avg_reward,seed,p_net_dataset_dir,v_nets_dataset_dir,start_run_time,clock_running_time
rdma_rank,KRUSTYCRAB-20260418T095717-1040,fixed_intermediate_0.1,[_status_aggr_degree_moretopo],0.73,0.4331526086919931,0.5418146417394927,6541.594047679018,73,0,12,15,27096.0,14724.0,6600468.39410813,12182152.13401647,0.5434012400354296,1009.0,14.592666005946482,26.854311199207135,37713.0,5939,31774.0,26,0.0,0.0,0.0,0,dataset/p_net\100-waxman_[0.5-0.2]-cpu_[50-100]-rdma_capable_[0-1]-nic_slots_[4-8]-qp_budget_[16-64]-rack_id_[0-9]-bw_[50-100]-latency_[1-5]-rdma_link_[0-1]-seed_0,dataset/v_nets\100-[2-10]-random-500-0.08-cpu_[1-20]-bw_[1-50]-msg_rate_[1-10]-delay_sensitive_[0-1]-flow_type_[1-3]-latency_[2-15]-seed_0,20260418T095718,163.49519300460815
rdma_rank,KRUSTYCRAB-20260419T164018-8731,fixed_intermediate_0.1,[_status_aggr_degree_moretopo],0.73,0.4331526086919931,0.5418146417394927,6541.594047679018,73,0,12,15,27096.0,14724.0,6600468.39410813,12182152.13401647,0.5434012400354296,1009.0,14.592666005946482,26.854311199207135,37713.0,5939,31774.0,26,0.0,0.0,0.0,0,dataset/p_net\100-waxman_[0.5-0.2]-cpu_[50-100]-rdma_capable_[0-1]-nic_slots_[4-8]-qp_budget_[16-64]-rack_id_[0-9]-bw_[50-100]-latency_[1-5]-rdma_link_[0-1]-seed_0,dataset/v_nets\100-[2-10]-random-500-0.08-cpu_[1-20]-bw_[1-50]-msg_rate_[1-10]-delay_sensitive_[0-1]-flow_type_[1-3]-latency_[2-15]-seed_0,20260419T164018,143.2337610721588
rdma_rank,KRUSTYCRAB-20260419T173954-9615,fixed_intermediate_0.1,[_status_aggr_degree_moretopo],0.74,0.4667014980420283,0.575834683056642,7716.097496078216,74,0,8,18,28041.0,16065.0,7785542.37354292,13520447.105088832,0.5729110944688135,1009.0,15.921704658077305,27.79088206144698,36154.0,5883,30271.0,26,0.0,0.0,0.0,0,dataset/p_net\100-waxman_[0.5-0.2]-cpu_[50-100]-rdma_capable_[0-1]-nic_slots_[4-8]-qp_budget_[16-64]-rack_id_[0-9]-bw_[50-100]-latency_[1-5]-rdma_link_[0-1]-seed_0,dataset/v_nets\100-[2-10]-random-500-0.08-cpu_[1-20]-bw_[1-50]-msg_rate_[1-10]-delay_sensitive_[0-1]-flow_type_[1-3]-latency_[2-15]-seed_0,20260419T173954,193.98336839675903
vanilla_vne,KRUSTYCRAB-20260420T150117-1550,fixed_intermediate_0.1,[_status_aggr_degree_moretopo],0.76,0.4793954184429191,0.5932625262471884,7490.586836269437,76,0,8,16,28547.0,16169.0,7558002.117795862,12739726.147217916,0.5663992713770274,1009.0,16.024777006937562,28.29236868186323,36135.0,5709,30426.0,28,0.0,0.0,0.0,0,dataset/p_net\100-waxman_[0.5-0.2]-cpu_[50-100]-rdma_capable_[0-1]-nic_slots_[4-8]-qp_budget_[16-64]-rack_id_[0-9]-bw_[50-100]-latency_[1-5]-rdma_link_[0-1]-seed_0,dataset/v_nets\100-[2-10]-random-500-0.08-cpu_[1-20]-bw_[1-50]-msg_rate_[1-10]-delay_sensitive_[0-1]-flow_type_[1-3]-latency_[2-15]-seed_0,20260420T150117,201.96798658370972
always_offload_if_eligible,KRUSTYCRAB-20260420T150539-3476,fixed_intermediate_0.1,[_status_aggr_degree_moretopo],0.7,0.43584836295160473,0.5622627147913682,7523.42119161619,70,0,13,17,25449.0,14124.0,7591131.982340736,13501041.0305394,0.5549923376164093,1009.0,13.998017839444994,25.222001982160556,35902.0,5762,30140.0,26,0.0,0.0,0.0,0,dataset/p_net\100-waxman_[0.5-0.2]-cpu_[50-100]-rdma_capable_[0-1]-nic_slots_[4-8]-qp_budget_[16-64]-rack_id_[0-9]-bw_[50-100]-latency_[1-5]-rdma_link_[0-1]-seed_0,dataset/v_nets\100-[2-10]-random-500-0.08-cpu_[1-20]-bw_[1-50]-msg_rate_[1-10]-delay_sensitive_[0-1]-flow_type_[1-3]-latency_[2-15]-seed_0,20260420T150539,191.04632949829102
rdma_rank,KRUSTYCRAB-20260420T150920-0263,fixed_intermediate_0.1,[_status_aggr_degree_moretopo],0.74,0.4667014980420283,0.575834683056642,7716.097496078216,74,0,8,18,28041.0,16065.0,7785542.37354292,13520447.105088832,0.5729110944688135,1009.0,15.921704658077305,27.79088206144698,36154.0,5883,30271.0,26,0.0,0.0,0.0,0,dataset/p_net\100-waxman_[0.5-0.2]-cpu_[50-100]-rdma_capable_[0-1]-nic_slots_[4-8]-qp_budget_[16-64]-rack_id_[0-9]-bw_[50-100]-latency_[1-5]-rdma_link_[0-1]-seed_0,dataset/v_nets\100-[2-10]-random-500-0.08-cpu_[1-20]-bw_[1-50]-msg_rate_[1-10]-delay_sensitive_[0-1]-flow_type_[1-3]-latency_[2-15]-seed_0,20260420T150921,207.35231232643127
rdma_rank,KRUSTYCRAB-20260420T162151-3795,fixed_intermediate_0.1,[_status_aggr_degree_moretopo],0.75,0.4748865551500341,0.5662318490229106,7606.449033301745,75,0,7,18,29152.0,16300.0,7674907.07460146,13554354.259382047,0.5591383095499451,1009.0,16.154608523290385,28.89197224975223,35821.0,5726,30055.0,27,0.0,0.0,0.0,0,dataset/p_net\100-waxman_[0.5-0.2]-cpu_[50-100]-rdma_capable_[0-1]-nic_slots_[4-8]-qp_budget_[16-64]-rack_id_[0-9]-bw_[50-100]-latency_[1-5]-rdma_link_[0-1]-seed_0,dataset/v_nets\100-[2-10]-random-500-0.08-cpu_[1-20]-bw_[1-50]-msg_rate_[1-10]-delay_sensitive_[0-1]-flow_type_[1-3]-latency_[2-15]-seed_0,20260420T162151,149.6312437057495
vanilla_vne,KRUSTYCRAB-20260420T163555-5498,fixed_intermediate_0.1,[_status_aggr_degree_moretopo],0.73,0.4789001323400428,0.5997752988581827,6870.612240043029,73,0,9,18,25952.0,15257.0,6932447.750203416,11558408.22955031,0.5878930332922319,1009.0,15.120911793855303,25.7205153617443,37871.0,5889,31982.0,25,0.0,0.0,0.0,0,dataset/p_net\100-waxman_[0.5-0.2]-cpu_[50-100]-rdma_capable_[0-1]-nic_slots_[4-8]-qp_budget_[16-64]-rack_id_[0-9]-bw_[50-100]-latency_[1-5]-rdma_link_[0-1]-seed_0,dataset/v_nets\100-[2-10]-random-500-0.08-cpu_[1-20]-bw_[1-50]-msg_rate_[1-10]-delay_sensitive_[0-1]-flow_type_[1-3]-latency_[2-15]-seed_0,20260420T163555,130.802894115448
vanilla_vne,KRUSTYCRAB-20260420T163828-9490,fixed_intermediate_0.1,[_status_aggr_degree_moretopo],0.57,0.3548821636636131,0.5366037638376026,6087.959884681249,57,0,15,28,20515.0,11145.0,5357404.698519499,9983911.89097373,0.5432610285157202,880.0,12.664772727272727,23.3125,37449.0,6223,31196.0,20,0.0,0.0,0.0,1,dataset/p_net\100-waxman_[0.5-0.2]-cpu_[50-100]-rdma_capable_[0-1]-nic_slots_[4-8]-qp_budget_[16-64]-rack_id_[0-9]-bw_[50-100]-latency_[1-5]-rdma_link_[0-1]-seed_1,dataset/v_nets\100-[2-10]-random-500-0.08-cpu_[1-20]-bw_[1-50]-msg_rate_[1-10]-delay_sensitive_[0-1]-flow_type_[1-3]-latency_[2-15]-seed_1,20260420T163828,141.6785011291504
vanilla_vne,KRUSTYCRAB-20260420T164112-3562,fixed_intermediate_0.1,[_status_aggr_degree_moretopo],0.58,0.3579317053420716,0.5381571510898935,8226.910650251333,58,0,20,22,23701.0,12718.0,7774430.56448751,14446394.605632348,0.5366018311463652,945.0,13.458201058201059,25.08042328042328,31627.0,6174,25453.0,27,0.0,0.0,0.0,2,dataset/p_net\100-waxman_[0.5-0.2]-cpu_[50-100]-rdma_capable_[0-1]-nic_slots_[4-8]-qp_budget_[16-64]-rack_id_[0-9]-bw_[50-100]-latency_[1-5]-rdma_link_[0-1]-seed_2,dataset/v_nets\100-[2-10]-random-500-0.08-cpu_[1-20]-bw_[1-50]-msg_rate_[1-10]-delay_sensitive_[0-1]-flow_type_[1-3]-latency_[2-15]-seed_2,20260420T164112,119.67281484603882
vanilla_vne,KRUSTYCRAB-20260420T164333-8768,fixed_intermediate_0.1,[_status_aggr_degree_moretopo],0.72,0.4948148070970161,0.6037550074497097,6853.747389408986,72,0,13,15,21136.0,12543.0,6545328.756885582,10841034.320416434,0.5934424678274035,955.0,13.134031413612565,22.13193717277487,33959.0,6512,27337.0,28,0.0,0.0,0.0,3,dataset/p_net\100-waxman_[0.5-0.2]-cpu_[50-100]-rdma_capable_[0-1]-nic_slots_[4-8]-qp_budget_[16-64]-rack_id_[0-9]-bw_[50-100]-latency_[1-5]-rdma_link_[0-1]-seed_3,dataset/v_nets\100-[2-10]-random-500-0.08-cpu_[1-20]-bw_[1-50]-msg_rate_[1-10]-delay_sensitive_[0-1]-flow_type_[1-3]-latency_[2-15]-seed_3,20260420T164334,110.03807187080383
vanilla_vne,KRUSTYCRAB-20260420T164546-5511,fixed_intermediate_0.1,[_status_aggr_degree_moretopo],0.59,0.3649011238273674,0.5645136880136965,6596.18521011425,59,0,15,26,23090.0,12775.0,6101471.319355682,10808367.359212102,0.5532698137721958,925.0,13.81081081081081,24.962162162162162,30702.0,6158,24531.0,25,0.0,0.0,0.0,4,dataset/p_net\100-waxman_[0.5-0.2]-cpu_[50-100]-rdma_capable_[0-1]-nic_slots_[4-8]-qp_budget_[16-64]-rack_id_[0-9]-bw_[50-100]-latency_[1-5]-rdma_link_[0-1]-seed_4,dataset/v_nets\100-[2-10]-random-500-0.08-cpu_[1-20]-bw_[1-50]-msg_rate_[1-10]-delay_sensitive_[0-1]-flow_type_[1-3]-latency_[2-15]-seed_4,20260420T164546,130.52277946472168
always_offload_if_eligible,KRUSTYCRAB-20260420T165356-5593,fixed_intermediate_0.1,[_status_aggr_degree_moretopo],0.73,0.466924994786871,0.5566279353365802,7389.9675246440775,73,0,13,14,26659.0,15075.0,7456477.232365875,13395801.322578453,0.565475074083799,1009.0,14.940535183349851,26.421209117938552,36022.0,5777,30245.0,27,0.0,0.0,0.0,0,dataset/p_net\100-waxman_[0.5-0.2]-cpu_[50-100]-rdma_capable_[0-1]-nic_slots_[4-8]-qp_budget_[16-64]-rack_id_[0-9]-bw_[50-100]-latency_[1-5]-rdma_link_[0-1]-seed_0,dataset/v_nets\100-[2-10]-random-500-0.08-cpu_[1-20]-bw_[1-50]-msg_rate_[1-10]-delay_sensitive_[0-1]-flow_type_[1-3]-latency_[2-15]-seed_0,20260420T165357,141.3345103263855
always_offload_if_eligible,KRUSTYCRAB-20260420T165640-0724,fixed_intermediate_0.1,[_status_aggr_degree_moretopo],0.64,0.3987122680353974,0.544948183142798,7460.800858500622,64,0,11,25,25741.0,14181.0,6565504.755480547,12047943.196390335,0.550910998018725,880.0,16.114772727272726,29.251136363636363,34966.0,6044,28918.0,19,0.0,0.0,0.0,1,dataset/p_net\100-waxman_[0.5-0.2]-cpu_[50-100]-rdma_capable_[0-1]-nic_slots_[4-8]-qp_budget_[16-64]-rack_id_[0-9]-bw_[50-100]-latency_[1-5]-rdma_link_[0-1]-seed_1,dataset/v_nets\100-[2-10]-random-500-0.08-cpu_[1-20]-bw_[1-50]-msg_rate_[1-10]-delay_sensitive_[0-1]-flow_type_[1-3]-latency_[2-15]-seed_1,20260420T165641,156.9352569580078
always_offload_if_eligible,KRUSTYCRAB-20260420T165939-7275,fixed_intermediate_0.1,[_status_aggr_degree_moretopo],0.59,0.35872947840443714,0.548850996507051,7359.832200935514,59,0,20,21,22141.0,12497.0,6955041.429884061,12672002.919092286,0.5644279842825527,945.0,13.224338624338625,23.42962962962963,34441.0,6319,28122.0,25,0.0,0.0,0.0,2,dataset/p_net\100-waxman_[0.5-0.2]-cpu_[50-100]-rdma_capable_[0-1]-nic_slots_[4-8]-qp_budget_[16-64]-rack_id_[0-9]-bw_[50-100]-latency_[1-5]-rdma_link_[0-1]-seed_2,dataset/v_nets\100-[2-10]-random-500-0.08-cpu_[1-20]-bw_[1-50]-msg_rate_[1-10]-delay_sensitive_[0-1]-flow_type_[1-3]-latency_[2-15]-seed_2,20260420T165940,147.08317685127258
always_offload_if_eligible,KRUSTYCRAB-20260420T170228-4383,fixed_intermediate_0.1,[_status_aggr_degree_moretopo],0.67,0.4599177666568726,0.5994574997716282,6000.469348213519,67,0,16,17,17807.0,10728.0,5730448.227543911,9559390.331636531,0.602459706856854,955.0,11.233507853403141,18.646073298429318,35339.0,6634,28705.0,26,0.0,0.0,0.0,3,dataset/p_net\100-waxman_[0.5-0.2]-cpu_[50-100]-rdma_capable_[0-1]-nic_slots_[4-8]-qp_budget_[16-64]-rack_id_[0-9]-bw_[50-100]-latency_[1-5]-rdma_link_[0-1]-seed_3,dataset/v_nets\100-[2-10]-random-500-0.08-cpu_[1-20]-bw_[1-50]-msg_rate_[1-10]-delay_sensitive_[0-1]-flow_type_[1-3]-latency_[2-15]-seed_3,20260420T170229,113.47344493865967
always_offload_if_eligible,KRUSTYCRAB-20260420T170443-6302,fixed_intermediate_0.1,[_status_aggr_degree_moretopo],0.58,0.3471681552801161,0.5374654513253583,6976.316978264158,58,0,19,23,22483.0,12302.0,6453093.204894346,12006526.538554983,0.5471689721122626,925.0,13.29945945945946,24.305945945945947,30979.0,6370,24609.0,23,0.0,0.0,0.0,4,dataset/p_net\100-waxman_[0.5-0.2]-cpu_[50-100]-rdma_capable_[0-1]-nic_slots_[4-8]-qp_budget_[16-64]-rack_id_[0-9]-bw_[50-100]-latency_[1-5]-rdma_link_[0-1]-seed_4,dataset/v_nets\100-[2-10]-random-500-0.08-cpu_[1-20]-bw_[1-50]-msg_rate_[1-10]-delay_sensitive_[0-1]-flow_type_[1-3]-latency_[2-15]-seed_4,20260420T170444,144.00353574752808
rdma_rank,KRUSTYCRAB-20260420T172149-3309,fixed_intermediate_0.1,[_status_aggr_degree_moretopo],0.75,0.4748865551500341,0.5662318490229106,7606.449033301745,75,0,7,18,29152.0,16300.0,7674907.07460146,13554354.259382047,0.5591383095499451,1009.0,16.154608523290385,28.89197224975223,35821.0,5726,30055.0,27,0.0,0.0,0.0,0,dataset/p_net\100-waxman_[0.5-0.2]-cpu_[50-100]-rdma_capable_[0-1]-nic_slots_[4-8]-qp_budget_[16-64]-rack_id_[0-9]-bw_[50-100]-latency_[1-5]-rdma_link_[0-1]-seed_0,dataset/v_nets\100-[2-10]-random-500-0.08-cpu_[1-20]-bw_[1-50]-msg_rate_[1-10]-delay_sensitive_[0-1]-flow_type_[1-3]-latency_[2-15]-seed_0,20260420T172149,145.69529008865356
rdma_rank,KRUSTYCRAB-20260420T172437-3574,fixed_intermediate_0.1,[_status_aggr_degree_moretopo],0.6,0.379587710216233,0.5410231016387015,6484.179440122861,60,0,15,25,22505.0,12515.0,5706077.9073081175,10546828.573539676,0.5560986447456121,880.0,14.221590909090908,25.573863636363637,36464.0,6180,30252.0,20,0.0,0.0,0.0,1,dataset/p_net\100-waxman_[0.5-0.2]-cpu_[50-100]-rdma_capable_[0-1]-nic_slots_[4-8]-qp_budget_[16-64]-rack_id_[0-9]-bw_[50-100]-latency_[1-5]-rdma_link_[0-1]-seed_1,dataset/v_nets\100-[2-10]-random-500-0.08-cpu_[1-20]-bw_[1-50]-msg_rate_[1-10]-delay_sensitive_[0-1]-flow_type_[1-3]-latency_[2-15]-seed_1,20260420T172437,161.97067666053772
rdma_rank,KRUSTYCRAB-20260420T172741-7531,fixed_intermediate_0.1,[_status_aggr_degree_moretopo],0.61,0.37514310589843347,0.55954366917755,8098.435311291278,61,0,15,24,23522.0,13269.0,7653021.369170258,13677254.86094609,0.5641101947113341,945.0,14.041269841269841,24.891005291005293,33205.0,6205,26941.0,27,0.0,0.0,0.0,2,dataset/p_net\100-waxman_[0.5-0.2]-cpu_[50-100]-rdma_capable_[0-1]-nic_slots_[4-8]-qp_budget_[16-64]-rack_id_[0-9]-bw_[50-100]-latency_[1-5]-rdma_link_[0-1]-seed_2,dataset/v_nets\100-[2-10]-random-500-0.08-cpu_[1-20]-bw_[1-50]-msg_rate_[1-10]-delay_sensitive_[0-1]-flow_type_[1-3]-latency_[2-15]-seed_2,20260420T172742,158.5672323703766
rdma_rank,KRUSTYCRAB-20260420T173043-5207,fixed_intermediate_0.1,[_status_aggr_degree_moretopo],0.75,0.49567273183881794,0.5958473037986726,7208.991458092313,75,0,13,12,24258.0,14290.0,6884586.842478159,11554280.431558942,0.5890840135213126,955.0,14.963350785340314,25.40104712041885,33524.0,6493,27028.0,28,0.0,0.0,0.0,3,dataset/p_net\100-waxman_[0.5-0.2]-cpu_[50-100]-rdma_capable_[0-1]-nic_slots_[4-8]-qp_budget_[16-64]-rack_id_[0-9]-bw_[50-100]-latency_[1-5]-rdma_link_[0-1]-seed_3,dataset/v_nets\100-[2-10]-random-500-0.08-cpu_[1-20]-bw_[1-50]-msg_rate_[1-10]-delay_sensitive_[0-1]-flow_type_[1-3]-latency_[2-15]-seed_3,20260420T173044,117.70475649833679
rdma_rank,KRUSTYCRAB-20260420T173303-3603,fixed_intermediate_0.1,[_status_aggr_degree_moretopo],0.62,0.3819691842224111,0.5896725921152594,8299.782019024691,62,0,21,17,24345.0,13878.0,7677298.367597839,13019595.060469097,0.5700554528650646,925.0,15.003243243243244,26.318918918918918,30998.0,6197,24801.0,25,0.0,0.0,0.0,4,dataset/p_net\100-waxman_[0.5-0.2]-cpu_[50-100]-rdma_capable_[0-1]-nic_slots_[4-8]-qp_budget_[16-64]-rack_id_[0-9]-bw_[50-100]-latency_[1-5]-rdma_link_[0-1]-seed_4,dataset/v_nets\100-[2-10]-random-500-0.08-cpu_[1-20]-bw_[1-50]-msg_rate_[1-10]-delay_sensitive_[0-1]-flow_type_[1-3]-latency_[2-15]-seed_4,20260420T173304,147.06979060173035
grc_rank,KRUSTYCRAB-20260429T133040-8336,fixed_intermediate_0.1,[_status_aggr_degree_moretopo],0.3,0.1945873109612512,0.6045702272683676,2328.0820319884724,30,0,0,70,6668.0,4080.0,2349034.7702763686,3885462.2082367884,0.611877624475105,1009.0,4.043607532210109,6.608523290386521,43565,6678,36887,12,614.4019181642047,0.0,0.0,0,dataset/p_net\100-waxman_[0.5-0.2]-cpu_[50-100]-rdma_capable_[0-1]-nic_slots_[4-8]-qp_budget_[16-64]-rack_id_[0-9]-bw_[50-100]-latency_[1-5]-rdma_link_[0-1]-seed_0,dataset/v_nets\100-[2-10]-random-500-0.08-cpu_[1-20]-bw_[1-50]-msg_rate_[1-10]-delay_sensitive_[0-1]-flow_type_[1-3]-latency_[2-15]-seed_0,20260429T133040,5.926231622695923
grc_rank,KRUSTYCRAB-20260429T133134-5884,fixed_intermediate_0.1,[_status_aggr_degree_moretopo],0.3,0.1945873109612512,0.6045702272683676,2328.0820319884724,30,0,0,70,6668.0,4080.0,2349034.7702763686,3885462.2082367884,0.611877624475105,1009.0,4.043607532210109,6.608523290386521,43565,6678,36887,12,614.4019181642047,0.0,0.0,0,dataset/p_net\100-waxman_[0.5-0.2]-cpu_[50-100]-rdma_capable_[0-1]-nic_slots_[4-8]-qp_budget_[16-64]-rack_id_[0-9]-bw_[50-100]-latency_[1-5]-rdma_link_[0-1]-seed_0,dataset/v_nets\100-[2-10]-random-500-0.08-cpu_[1-20]-bw_[1-50]-msg_rate_[1-10]-delay_sensitive_[0-1]-flow_type_[1-3]-latency_[2-15]-seed_0,20260429T133135,5.8077802658081055
grc_rank,KRUSTYCRAB-20260429T133201-4709,fixed_intermediate_0.1,[_status_aggr_degree_moretopo],0.29,0.18371972315030746,0.5734602250802376,1498.068550698291,29,0,0,71,6695.0,3983.0,1318300.324614496,2298852.242856148,0.5949215832710978,880.0,4.526136363636364,7.607954545454546,43194,6759,36435,11,584.7461595085028,0.0,0.0,1,dataset/p_net\100-waxman_[0.5-0.2]-cpu_[50-100]-rdma_capable_[0-1]-nic_slots_[4-8]-qp_budget_[16-64]-rack_id_[0-9]-bw_[50-100]-latency_[1-5]-rdma_link_[0-1]-seed_1,dataset/v_nets\100-[2-10]-random-500-0.08-cpu_[1-20]-bw_[1-50]-msg_rate_[1-10]-delay_sensitive_[0-1]-flow_type_[1-3]-latency_[2-15]-seed_1,20260429T133202,5.849538326263428
grc_rank,KRUSTYCRAB-20260429T133228-9783,fixed_intermediate_0.1,[_status_aggr_degree_moretopo],0.25,0.1578381139974447,0.6292460301866644,2354.159127947256,25,0,0,75,5807.0,3498.0,2224680.375910157,3535469.8626389597,0.6023764422249009,945.0,3.7015873015873018,6.144973544973545,41535,7038,34497,13,550.3347553294075,0.0,0.0,2,dataset/p_net\100-waxman_[0.5-0.2]-cpu_[50-100]-rdma_capable_[0-1]-nic_slots_[4-8]-qp_budget_[16-64]-rack_id_[0-9]-bw_[50-100]-latency_[1-5]-rdma_link_[0-1]-seed_2,dataset/v_nets\100-[2-10]-random-500-0.08-cpu_[1-20]-bw_[1-50]-msg_rate_[1-10]-delay_sensitive_[0-1]-flow_type_[1-3]-latency_[2-15]-seed_2,20260429T133229,5.826469659805298
grc_rank,KRUSTYCRAB-20260429T133255-1527,fixed_intermediate_0.1,[_status_aggr_degree_moretopo],0.33,0.21638115753286477,0.6159304906346076,2000.313719380491,33,0,0,67,5996.0,3657.0,1910299.6020083688,3101485.688815539,0.6099066044029353,955.0,3.8293193717277485,6.278534031413613,40458,7317,33131,13,458.052455971729,0.0,0.0,3,dataset/p_net\100-waxman_[0.5-0.2]-cpu_[50-100]-rdma_capable_[0-1]-nic_slots_[4-8]-qp_budget_[16-64]-rack_id_[0-9]-bw_[50-100]-latency_[1-5]-rdma_link_[0-1]-seed_3,dataset/v_nets\100-[2-10]-random-500-0.08-cpu_[1-20]-bw_[1-50]-msg_rate_[1-10]-delay_sensitive_[0-1]-flow_type_[1-3]-latency_[2-15]-seed_3,20260429T133255,5.352940797805786
grc_rank,KRUSTYCRAB-20260429T133321-7028,fixed_intermediate_0.1,[_status_aggr_degree_moretopo],0.25,0.15996108713617838,0.590167664487528,1752.6048675710815,25,0,0,75,4651.0,2728.0,1621159.5025032505,2746947.350819337,0.5865405289185122,925.0,2.9491891891891893,5.028108108108108,39014,7150,31864,11,455.0162385909266,0.0,0.0,4,dataset/p_net\100-waxman_[0.5-0.2]-cpu_[50-100]-rdma_capable_[0-1]-nic_slots_[4-8]-qp_budget_[16-64]-rack_id_[0-9]-bw_[50-100]-latency_[1-5]-rdma_link_[0-1]-seed_4,dataset/v_nets\100-[2-10]-random-500-0.08-cpu_[1-20]-bw_[1-50]-msg_rate_[1-10]-delay_sensitive_[0-1]-flow_type_[1-3]-latency_[2-15]-seed_4,20260429T133322,5.482024192810059
nrm_rank,KRUSTYCRAB-20260429T133409-2891,fixed_intermediate_0.1,[_status_aggr_degree_moretopo],0.28,0.1987358152238679,0.6418187350827826,1775.257325061961,28,0,0,72,5545.0,3598.0,1791234.6409875187,2790873.0971470983,0.6488728584310189,1009.0,3.5659068384539148,5.495540138751239,44902,6856,38046,10,426.3702521972795,0.0,0.0,0,dataset/p_net\100-waxman_[0.5-0.2]-cpu_[50-100]-rdma_capable_[0-1]-nic_slots_[4-8]-qp_budget_[16-64]-rack_id_[0-9]-bw_[50-100]-latency_[1-5]-rdma_link_[0-1]-seed_0,dataset/v_nets\100-[2-10]-random-500-0.08-cpu_[1-20]-bw_[1-50]-msg_rate_[1-10]-delay_sensitive_[0-1]-flow_type_[1-3]-latency_[2-15]-seed_0,20260429T133410,6.734340190887451
nrm_rank,KRUSTYCRAB-20260429T133440-4800,fixed_intermediate_0.1,[_status_aggr_degree_moretopo],0.27,0.1936924333773199,0.6806961583984265,1383.7067976086196,27,0,0,73,5151.0,3351.0,1217661.9818955853,1788848.0298765854,0.65055329062318,880.0,3.8079545454545456,5.853409090909091,43760,6891,36869,7,521.7618125822571,0.0,0.0,1,dataset/p_net\100-waxman_[0.5-0.2]-cpu_[50-100]-rdma_capable_[0-1]-nic_slots_[4-8]-qp_budget_[16-64]-rack_id_[0-9]-bw_[50-100]-latency_[1-5]-rdma_link_[0-1]-seed_1,dataset/v_nets\100-[2-10]-random-500-0.08-cpu_[1-20]-bw_[1-50]-msg_rate_[1-10]-delay_sensitive_[0-1]-flow_type_[1-3]-latency_[2-15]-seed_1,20260429T133441,6.7446510791778564
nrm_rank,KRUSTYCRAB-20260429T133510-8614,fixed_intermediate_0.1,[_status_aggr_degree_moretopo],0.21,0.12735424803705767,0.589977280753425,1983.6702561849781,21,0,0,79,4319.0,2518.0,1874568.3920948044,3177356.9139830335,0.583005325306784,945.0,2.6645502645502646,4.57037037037037,41545,7069,34476,15,432.9351720031114,0.0,0.0,2,dataset/p_net\100-waxman_[0.5-0.2]-cpu_[50-100]-rdma_capable_[0-1]-nic_slots_[4-8]-qp_budget_[16-64]-rack_id_[0-9]-bw_[50-100]-latency_[1-5]-rdma_link_[0-1]-seed_2,dataset/v_nets\100-[2-10]-random-500-0.08-cpu_[1-20]-bw_[1-50]-msg_rate_[1-10]-delay_sensitive_[0-1]-flow_type_[1-3]-latency_[2-15]-seed_2,20260429T133511,6.510776042938232
nrm_rank,KRUSTYCRAB-20260429T133540-3476,fixed_intermediate_0.1,[_status_aggr_degree_moretopo],0.34,0.2309115683500086,0.6298307638072553,1556.211802060829,34,0,0,66,5805.0,3570.0,1486182.2709680917,2359653.3487571944,0.6149870801033591,955.0,3.738219895287958,6.0785340314136125,40570,7360,33206,12,436.64640304342674,0.0,0.0,3,dataset/p_net\100-waxman_[0.5-0.2]-cpu_[50-100]-rdma_capable_[0-1]-nic_slots_[4-8]-qp_budget_[16-64]-rack_id_[0-9]-bw_[50-100]-latency_[1-5]-rdma_link_[0-1]-seed_3,dataset/v_nets\100-[2-10]-random-500-0.08-cpu_[1-20]-bw_[1-50]-msg_rate_[1-10]-delay_sensitive_[0-1]-flow_type_[1-3]-latency_[2-15]-seed_3,20260429T133541,6.296072006225586
nrm_rank,KRUSTYCRAB-20260429T133609-4015,fixed_intermediate_0.1,[_status_aggr_degree_moretopo],0.22,0.1400528604029145,0.5784507894601927,1460.8313163372095,22,0,0,78,4839.0,2758.0,1351268.9676119187,2336013.697678442,0.5699524695184955,925.0,2.981621621621622,5.231351351351352,38719,7222,31476,10,585.7072834876838,0.0,0.0,4,dataset/p_net\100-waxman_[0.5-0.2]-cpu_[50-100]-rdma_capable_[0-1]-nic_slots_[4-8]-qp_budget_[16-64]-rack_id_[0-9]-bw_[50-100]-latency_[1-5]-rdma_link_[0-1]-seed_4,dataset/v_nets\100-[2-10]-random-500-0.08-cpu_[1-20]-bw_[1-50]-msg_rate_[1-10]-delay_sensitive_[0-1]-flow_type_[1-3]-latency_[2-15]-seed_4,20260429T133610,6.737719297409058
rw_rank,KRUSTYCRAB-20260429T165107-3324,fixed_intermediate_0.1,[_status_aggr_degree_moretopo],0.26,0.18125574349527,0.6609836084412853,2743.2050629216633,26,0,0,74,5235.0,3416.0,2767893.9084879584,4187537.895251495,0.652531041069723,1009.0,3.385530227948464,5.1883052527254705,44066,6733,37333,11,557.9322362792867,0.0,0.0,0,dataset/p_net\100-waxman_[0.5-0.2]-cpu_[50-100]-rdma_capable_[0-1]-nic_slots_[4-8]-qp_budget_[16-64]-rack_id_[0-9]-bw_[50-100]-latency_[1-5]-rdma_link_[0-1]-seed_0,dataset/v_nets\100-[2-10]-random-500-0.08-cpu_[1-20]-bw_[1-50]-msg_rate_[1-10]-delay_sensitive_[0-1]-flow_type_[1-3]-latency_[2-15]-seed_0,20260429T165108,3.374182939529419
rw_rank,KRUSTYCRAB-20260429T165122-9873,fixed_intermediate_0.1,[_status_aggr_degree_moretopo],0.28,0.18210776291231434,0.5901013241876215,1713.3699111184862,28,0,0,72,6047.0,3641.0,1507765.5217842679,2555095.9809486493,0.6021167521084836,880.0,4.1375,6.8715909090909095,43184,6793,36391,8,458.9537638714157,0.0,0.0,1,dataset/p_net\100-waxman_[0.5-0.2]-cpu_[50-100]-rdma_capable_[0-1]-nic_slots_[4-8]-qp_budget_[16-64]-rack_id_[0-9]-bw_[50-100]-latency_[1-5]-rdma_link_[0-1]-seed_1,dataset/v_nets\100-[2-10]-random-500-0.08-cpu_[1-20]-bw_[1-50]-msg_rate_[1-10]-delay_sensitive_[0-1]-flow_type_[1-3]-latency_[2-15]-seed_1,20260429T165122,3.5499064922332764
rw_rank,KRUSTYCRAB-20260429T165137-8217,fixed_intermediate_0.1,[_status_aggr_degree_moretopo],0.25,0.1565302897954418,0.604590037388333,2608.4596792862685,25,0,0,75,7480.0,4422.0,2464994.396925524,4077133.6682516956,0.5911764705882353,945.0,4.67936507936508,7.915343915343915,40565,6982,33583,14,679.513147649468,0.0,0.0,2,dataset/p_net\100-waxman_[0.5-0.2]-cpu_[50-100]-rdma_capable_[0-1]-nic_slots_[4-8]-qp_budget_[16-64]-rack_id_[0-9]-bw_[50-100]-latency_[1-5]-rdma_link_[0-1]-seed_2,dataset/v_nets\100-[2-10]-random-500-0.08-cpu_[1-20]-bw_[1-50]-msg_rate_[1-10]-delay_sensitive_[0-1]-flow_type_[1-3]-latency_[2-15]-seed_2,20260429T165137,3.2928829193115234
rw_rank,KRUSTYCRAB-20260429T165151-3166,fixed_intermediate_0.1,[_status_aggr_degree_moretopo],0.32,0.23202771904970082,0.6840130294774873,1403.731795175436,32,0,0,68,5162.0,3406.0,1340563.8643925413,1959851.3575342102,0.6598217745060054,955.0,3.5664921465968584,5.4052356020942405,40577,7380,33117,12,560.9505450918618,0.0,0.0,3,dataset/p_net\100-waxman_[0.5-0.2]-cpu_[50-100]-rdma_capable_[0-1]-nic_slots_[4-8]-qp_budget_[16-64]-rack_id_[0-9]-bw_[50-100]-latency_[1-5]-rdma_link_[0-1]-seed_3,dataset/v_nets\100-[2-10]-random-500-0.08-cpu_[1-20]-bw_[1-50]-msg_rate_[1-10]-delay_sensitive_[0-1]-flow_type_[1-3]-latency_[2-15]-seed_3,20260429T165152,3.0645525455474854
rw_rank,KRUSTYCRAB-20260429T165206-3999,fixed_intermediate_0.1,[_status_aggr_degree_moretopo],0.24,0.18076623603214248,0.6916270835479184,1172.2721202211017,24,0,0,76,3387.0,2373.0,1084351.711204519,1567827.1383503324,0.7006200177147919,925.0,2.5654054054054054,3.6616216216216215,40201,7289,32912,11,524.1693718874832,0.0,0.0,4,dataset/p_net\100-waxman_[0.5-0.2]-cpu_[50-100]-rdma_capable_[0-1]-nic_slots_[4-8]-qp_budget_[16-64]-rack_id_[0-9]-bw_[50-100]-latency_[1-5]-rdma_link_[0-1]-seed_4,dataset/v_nets\100-[2-10]-random-500-0.08-cpu_[1-20]-bw_[1-50]-msg_rate_[1-10]-delay_sensitive_[0-1]-flow_type_[1-3]-latency_[2-15]-seed_4,20260429T165206,3.170288324356079
pl_rank,KRUSTYCRAB-20260507T114330-3441,fixed_intermediate_0.1,[_status_aggr_degree_moretopo],0.39,0.3450928911180909,0.7440273587785604,2995.783163011482,39,0,0,61,6518.0,5090.0,3022745.2114785854,4062680.1902028224,0.7809143909174593,1009.0,5.044598612487611,6.4598612487611495,43655,6552,37103,14,534.0638490380536,0.0,0.0,0,dataset/p_net\100-waxman_[0.5-0.2]-cpu_[50-100]-rdma_capable_[0-1]-nic_slots_[4-8]-qp_budget_[16-64]-rack_id_[0-9]-bw_[50-100]-latency_[1-5]-rdma_link_[0-1]-seed_0,dataset/v_nets\100-[2-10]-random-500-0.08-cpu_[1-20]-bw_[1-50]-msg_rate_[1-10]-delay_sensitive_[0-1]-flow_type_[1-3]-latency_[2-15]-seed_0,20260507T114331,27.67780590057373
pl_rank,KRUSTYCRAB-20260507T114425-5486,fixed_intermediate_0.1,[_status_aggr_degree_moretopo],0.3,0.2897169817049716,0.9179778965425758,1564.8849309508294,30,0,0,70,3705.0,3344.0,1377098.73923673,1500143.6793013895,0.9025641025641026,880.0,3.8,4.2102272727272725,44629,6893,37736,10,456.97344819748804,0.0,0.0,1,dataset/p_net\100-waxman_[0.5-0.2]-cpu_[50-100]-rdma_capable_[0-1]-nic_slots_[4-8]-qp_budget_[16-64]-rack_id_[0-9]-bw_[50-100]-latency_[1-5]-rdma_link_[0-1]-seed_1,dataset/v_nets\100-[2-10]-random-500-0.08-cpu_[1-20]-bw_[1-50]-msg_rate_[1-10]-delay_sensitive_[0-1]-flow_type_[1-3]-latency_[2-15]-seed_1,20260507T114425,68.259592294693
pl_rank,KRUSTYCRAB-20260507T114558-8744,fixed_intermediate_0.1,[_status_aggr_degree_moretopo],0.32,0.2903048607826466,0.8343801292601568,3242.1576888680265,32,0,0,68,6395.0,5358.0,3063839.015980285,3671994.22485886,0.837842064112588,945.0,5.66984126984127,6.767195767195767,41319,6871,34348,17,547.5565545346128,0.0,0.0,2,dataset/p_net\100-waxman_[0.5-0.2]-cpu_[50-100]-rdma_capable_[0-1]-nic_slots_[4-8]-qp_budget_[16-64]-rack_id_[0-9]-bw_[50-100]-latency_[1-5]-rdma_link_[0-1]-seed_2,dataset/v_nets\100-[2-10]-random-500-0.08-cpu_[1-20]-bw_[1-50]-msg_rate_[1-10]-delay_sensitive_[0-1]-flow_type_[1-3]-latency_[2-15]-seed_2,20260507T114559,33.74699592590332
pl_rank,KRUSTYCRAB-20260507T114648-3138,fixed_intermediate_0.1,[_status_aggr_degree_moretopo],0.48,0.42767884160427017,0.8219751738674689,2609.4912010502603,48,0,0,52,7743.0,5907.0,2492064.0970029985,3031799.713947086,0.7628826036419992,955.0,6.185340314136126,8.10785340314136,39401,7103,32190,19,457.3022978432748,0.0,0.0,3,dataset/p_net\100-waxman_[0.5-0.2]-cpu_[50-100]-rdma_capable_[0-1]-nic_slots_[4-8]-qp_budget_[16-64]-rack_id_[0-9]-bw_[50-100]-latency_[1-5]-rdma_link_[0-1]-seed_3,dataset/v_nets\100-[2-10]-random-500-0.08-cpu_[1-20]-bw_[1-50]-msg_rate_[1-10]-delay_sensitive_[0-1]-flow_type_[1-3]-latency_[2-15]-seed_3,20260507T114648,32.0808846950531
pl_rank,KRUSTYCRAB-20260507T114731-1508,fixed_intermediate_0.1,[_status_aggr_degree_moretopo],0.38,0.33541979516681586,0.7911439103956455,3284.850695509842,38,0,0,62,8560.0,6558.0,3038486.893346604,3840624.7629803256,0.7661214953271028,925.0,7.08972972972973,9.254054054054054,37950,6912,31038,16,420.8358437027928,0.0,0.0,4,dataset/p_net\100-waxman_[0.5-0.2]-cpu_[50-100]-rdma_capable_[0-1]-nic_slots_[4-8]-qp_budget_[16-64]-rack_id_[0-9]-bw_[50-100]-latency_[1-5]-rdma_link_[0-1]-seed_4,dataset/v_nets\100-[2-10]-random-500-0.08-cpu_[1-20]-bw_[1-50]-msg_rate_[1-10]-delay_sensitive_[0-1]-flow_type_[1-3]-latency_[2-15]-seed_4,20260507T114732,26.259350299835205
order_rank,KRUSTYCRAB-20260507T114811-1595,fixed_intermediate_0.1,[_status_aggr_degree_moretopo],0.19,0.11172686354985079,0.5247947279903756,1233.528242441146,19,0,0,81,3653.0,1952.0,1244629.9966231163,2371651.105164955,0.5343553243909116,1009.0,1.9345887016848364,3.620416253716551,45047,6979,38065,8,723.4957934818915,0.0,0.0,0,dataset/p_net\100-waxman_[0.5-0.2]-cpu_[50-100]-rdma_capable_[0-1]-nic_slots_[4-8]-qp_budget_[16-64]-rack_id_[0-9]-bw_[50-100]-latency_[1-5]-rdma_link_[0-1]-seed_0,dataset/v_nets\100-[2-10]-random-500-0.08-cpu_[1-20]-bw_[1-50]-msg_rate_[1-10]-delay_sensitive_[0-1]-flow_type_[1-3]-latency_[2-15]-seed_0,20260507T114812,4.061681270599365
order_rank,KRUSTYCRAB-20260507T114835-0481,fixed_intermediate_0.1,[_status_aggr_degree_moretopo],0.14,0.07174650205266546,0.5027865055284242,1035.3776064027165,14,0,0,86,3651.0,1681.0,911132.2936343906,1812165.369627012,0.46042180224596,880.0,1.9102272727272727,4.148863636363636,44245,7008,37237,6,948.987193242559,0.0,0.0,1,dataset/p_net\100-waxman_[0.5-0.2]-cpu_[50-100]-rdma_capable_[0-1]-nic_slots_[4-8]-qp_budget_[16-64]-rack_id_[0-9]-bw_[50-100]-latency_[1-5]-rdma_link_[0-1]-seed_1,dataset/v_nets\100-[2-10]-random-500-0.08-cpu_[1-20]-bw_[1-50]-msg_rate_[1-10]-delay_sensitive_[0-1]-flow_type_[1-3]-latency_[2-15]-seed_1,20260507T114836,4.745069980621338
order_rank,KRUSTYCRAB-20260507T114854-2562,fixed_intermediate_0.1,[_status_aggr_degree_moretopo],0.12,0.05637302235277777,0.46648121969074413,1125.763456607801,12,0,0,88,3061.0,1444.0,1063846.4664943719,2280577.2699695257,0.47174126102580854,945.0,1.528042328042328,3.2391534391534393,42791,7317,35474,7,874.4436601545713,0.0,0.0,2,dataset/p_net\100-waxman_[0.5-0.2]-cpu_[50-100]-rdma_capable_[0-1]-nic_slots_[4-8]-qp_budget_[16-64]-rack_id_[0-9]-bw_[50-100]-latency_[1-5]-rdma_link_[0-1]-seed_2,dataset/v_nets\100-[2-10]-random-500-0.08-cpu_[1-20]-bw_[1-50]-msg_rate_[1-10]-delay_sensitive_[0-1]-flow_type_[1-3]-latency_[2-15]-seed_2,20260507T114854,2.3066694736480713
order_rank,KRUSTYCRAB-20260507T114914-1942,fixed_intermediate_0.1,[_status_aggr_degree_moretopo],0.22,0.1306054542657795,0.5630704254037265,806.7970854993113,22,0,0,78,3544.0,1909.0,770491.2166518422,1368374.5085694976,0.5386568848758465,955.0,1.9989528795811518,3.7109947643979058,41360,7527,33812,9,1167.2424293609295,0.0,0.0,3,dataset/p_net\100-waxman_[0.5-0.2]-cpu_[50-100]-rdma_capable_[0-1]-nic_slots_[4-8]-qp_budget_[16-64]-rack_id_[0-9]-bw_[50-100]-latency_[1-5]-rdma_link_[0-1]-seed_3,dataset/v_nets\100-[2-10]-random-500-0.08-cpu_[1-20]-bw_[1-50]-msg_rate_[1-10]-delay_sensitive_[0-1]-flow_type_[1-3]-latency_[2-15]-seed_3,20260507T114915,4.200514316558838
order_rank,KRUSTYCRAB-20260507T114935-8941,fixed_intermediate_0.1,[_status_aggr_degree_moretopo],0.22,0.12760010884453885,0.5357287776646974,1157.69748129604,22,0,0,78,4039.0,2032.0,1070870.170198837,1998903.577416322,0.5030948254518445,925.0,2.196756756756757,4.366486486486487,40112,7339,32752,9,900.7503729827054,0.0,0.0,4,dataset/p_net\100-waxman_[0.5-0.2]-cpu_[50-100]-rdma_capable_[0-1]-nic_slots_[4-8]-qp_budget_[16-64]-rack_id_[0-9]-bw_[50-100]-latency_[1-5]-rdma_link_[0-1]-seed_4,dataset/v_nets\100-[2-10]-random-500-0.08-cpu_[1-20]-bw_[1-50]-msg_rate_[1-10]-delay_sensitive_[0-1]-flow_type_[1-3]-latency_[2-15]-seed_4,20260507T114936,2.4199399948120117
ffd_rank,KRUSTYCRAB-20260507T114949-2381,fixed_intermediate_0.1,[_status_aggr_degree_moretopo],0.17,0.10255864893920894,0.5488247396678128,1187.7457832514665,17,0,0,83,3305.0,1775.0,1198435.4953007298,2183639.709875519,0.5370650529500757,1009.0,1.7591674925668979,3.2755203171456886,45159,6967,38180,8,621.8950843383917,0.0,0.0,0,dataset/p_net\100-waxman_[0.5-0.2]-cpu_[50-100]-rdma_capable_[0-1]-nic_slots_[4-8]-qp_budget_[16-64]-rack_id_[0-9]-bw_[50-100]-latency_[1-5]-rdma_link_[0-1]-seed_0,dataset/v_nets\100-[2-10]-random-500-0.08-cpu_[1-20]-bw_[1-50]-msg_rate_[1-10]-delay_sensitive_[0-1]-flow_type_[1-3]-latency_[2-15]-seed_0,20260507T114949,2.5372769832611084
ffd_rank,KRUSTYCRAB-20260507T115003-5216,fixed_intermediate_0.1,[_status_aggr_degree_moretopo],0.19,0.12266250889217296,0.5456092369916482,1496.8378972182836,19,0,0,81,3898.0,2223.0,1317217.3495520896,2414213.80036543,0.5702924576706003,880.0,2.526136363636364,4.429545454545455,44281,6982,37299,7,455.5692760928614,0.0,0.0,1,dataset/p_net\100-waxman_[0.5-0.2]-cpu_[50-100]-rdma_capable_[0-1]-nic_slots_[4-8]-qp_budget_[16-64]-rack_id_[0-9]-bw_[50-100]-latency_[1-5]-rdma_link_[0-1]-seed_1,dataset/v_nets\100-[2-10]-random-500-0.08-cpu_[1-20]-bw_[1-50]-msg_rate_[1-10]-delay_sensitive_[0-1]-flow_type_[1-3]-latency_[2-15]-seed_1,20260507T115003,2.541563034057617
ffd_rank,KRUSTYCRAB-20260507T115016-4803,fixed_intermediate_0.1,[_status_aggr_degree_moretopo],0.18,0.11339351807062144,0.5385868955020724,1583.9319960313073,18,0,0,82,4750.0,2558.0,1496815.7362495854,2779153.6495782156,0.5385263157894736,945.0,2.706878306878307,5.026455026455026,42107,7274,34797,8,641.3257180427347,0.0,0.0,2,dataset/p_net\100-waxman_[0.5-0.2]-cpu_[50-100]-rdma_capable_[0-1]-nic_slots_[4-8]-qp_budget_[16-64]-rack_id_[0-9]-bw_[50-100]-latency_[1-5]-rdma_link_[0-1]-seed_2,dataset/v_nets\100-[2-10]-random-500-0.08-cpu_[1-20]-bw_[1-50]-msg_rate_[1-10]-delay_sensitive_[0-1]-flow_type_[1-3]-latency_[2-15]-seed_2,20260507T115017,2.4892771244049072
ffd_rank,KRUSTYCRAB-20260507T115030-5259,fixed_intermediate_0.1,[_status_aggr_degree_moretopo],0.25,0.15161843101863418,0.5562200937522336,912.7467917954432,25,0,0,75,4278.0,2304.0,871673.1861646483,1567137.1745748767,0.5385694249649369,955.0,2.412565445026178,4.479581151832461,40913,7429,33434,12,734.6840212143074,0.0,0.0,3,dataset/p_net\100-waxman_[0.5-0.2]-cpu_[50-100]-rdma_capable_[0-1]-nic_slots_[4-8]-qp_budget_[16-64]-rack_id_[0-9]-bw_[50-100]-latency_[1-5]-rdma_link_[0-1]-seed_3,dataset/v_nets\100-[2-10]-random-500-0.08-cpu_[1-20]-bw_[1-50]-msg_rate_[1-10]-delay_sensitive_[0-1]-flow_type_[1-3]-latency_[2-15]-seed_3,20260507T115030,2.3982741832733154
ffd_rank,KRUSTYCRAB-20260507T115044-4599,fixed_intermediate_0.1,[_status_aggr_degree_moretopo],0.19,0.10855116621922219,0.5190967284944717,840.5969025434263,19,0,0,81,4994.0,2374.0,777552.1348526693,1497894.5005255414,0.47537044453344013,925.0,2.5664864864864865,5.398918918918919,39743,7372,32323,8,669.1630643309005,0.0,0.0,4,dataset/p_net\100-waxman_[0.5-0.2]-cpu_[50-100]-rdma_capable_[0-1]-nic_slots_[4-8]-qp_budget_[16-64]-rack_id_[0-9]-bw_[50-100]-latency_[1-5]-rdma_link_[0-1]-seed_4,dataset/v_nets\100-[2-10]-random-500-0.08-cpu_[1-20]-bw_[1-50]-msg_rate_[1-10]-delay_sensitive_[0-1]-flow_type_[1-3]-latency_[2-15]-seed_4,20260507T115044,2.4317967891693115
rdma_rank,KRUSTYCRAB-20260507T124134-1994,fixed_intermediate_0.1,[_status_aggr_degree_moretopo],0.75,0.4748865551500341,0.5662318490229106,7606.449033301745,75,0,7,18,29152.0,16300.0,7674907.07460146,13554354.259382047,0.5591383095499451,1009.0,16.154608523290385,28.89197224975223,35821.0,5726,30055.0,27,0.0,0.0,0.0,0,dataset/p_net\100-waxman_[0.5-0.2]-cpu_[50-100]-rdma_capable_[0-1]-nic_slots_[4-8]-qp_budget_[16-64]-rack_id_[0-9]-bw_[50-100]-latency_[1-5]-rdma_link_[0-1]-seed_0,dataset/v_nets\100-[2-10]-random-500-0.08-cpu_[1-20]-bw_[1-50]-msg_rate_[1-10]-delay_sensitive_[0-1]-flow_type_[1-3]-latency_[2-15]-seed_0,20260507T124134,133.50292229652405
rdma_rank_wo_node_rdma,KRUSTYCRAB-20260507T124417-4204,fixed_intermediate_0.1,[_status_aggr_degree_moretopo],0.75,0.4742014234831158,0.5660194294433544,7606.449033301745,75,0,7,18,29249.0,16300.0,7674907.07460146,13559441.028639711,0.5572840097097337,1009.0,16.154608523290385,28.98810703666997,35821.0,5726,30055.0,27,0.0,0.0,0.0,0,dataset/p_net\100-waxman_[0.5-0.2]-cpu_[50-100]-rdma_capable_[0-1]-nic_slots_[4-8]-qp_budget_[16-64]-rack_id_[0-9]-bw_[50-100]-latency_[1-5]-rdma_link_[0-1]-seed_0,dataset/v_nets\100-[2-10]-random-500-0.08-cpu_[1-20]-bw_[1-50]-msg_rate_[1-10]-delay_sensitive_[0-1]-flow_type_[1-3]-latency_[2-15]-seed_0,20260507T124418,119.66865468025208
rdma_rank,KRUSTYCRAB-20260507T124656-9381,fixed_intermediate_0.1,[_status_aggr_degree_moretopo],0.75,0.4748865551500341,0.5662318490229106,7606.449033301745,75,0,7,18,29152.0,16300.0,7674907.07460146,13554354.259382047,0.5591383095499451,1009.0,16.154608523290385,28.89197224975223,35821.0,5726,30055.0,27,0.0,0.0,0.0,0,dataset/p_net\100-waxman_[0.5-0.2]-cpu_[50-100]-rdma_capable_[0-1]-nic_slots_[4-8]-qp_budget_[16-64]-rack_id_[0-9]-bw_[50-100]-latency_[1-5]-rdma_link_[0-1]-seed_0,dataset/v_nets\100-[2-10]-random-500-0.08-cpu_[1-20]-bw_[1-50]-msg_rate_[1-10]-delay_sensitive_[0-1]-flow_type_[1-3]-latency_[2-15]-seed_0,20260507T124657,136.02193760871887
rdma_rank,KRUSTYCRAB-20260507T124932-1929,fixed_intermediate_0.1,[_status_aggr_degree_moretopo],0.6,0.379587710216233,0.5410231016387015,6484.179440122861,60,0,15,25,22505.0,12515.0,5706077.9073081175,10546828.573539676,0.5560986447456121,880.0,14.221590909090908,25.573863636363637,36464.0,6180,30252.0,20,0.0,0.0,0.0,1,dataset/p_net\100-waxman_[0.5-0.2]-cpu_[50-100]-rdma_capable_[0-1]-nic_slots_[4-8]-qp_budget_[16-64]-rack_id_[0-9]-bw_[50-100]-latency_[1-5]-rdma_link_[0-1]-seed_1,dataset/v_nets\100-[2-10]-random-500-0.08-cpu_[1-20]-bw_[1-50]-msg_rate_[1-10]-delay_sensitive_[0-1]-flow_type_[1-3]-latency_[2-15]-seed_1,20260507T124933,147.93772864341736
rdma_rank,KRUSTYCRAB-20260507T125221-3856,fixed_intermediate_0.1,[_status_aggr_degree_moretopo],0.61,0.37514310589843347,0.55954366917755,8098.435311291278,61,0,15,24,23522.0,13269.0,7653021.369170258,13677254.86094609,0.5641101947113341,945.0,14.041269841269841,24.891005291005293,33205.0,6205,26941.0,27,0.0,0.0,0.0,2,dataset/p_net\100-waxman_[0.5-0.2]-cpu_[50-100]-rdma_capable_[0-1]-nic_slots_[4-8]-qp_budget_[16-64]-rack_id_[0-9]-bw_[50-100]-latency_[1-5]-rdma_link_[0-1]-seed_2,dataset/v_nets\100-[2-10]-random-500-0.08-cpu_[1-20]-bw_[1-50]-msg_rate_[1-10]-delay_sensitive_[0-1]-flow_type_[1-3]-latency_[2-15]-seed_2,20260507T125221,145.1762523651123
rdma_rank,KRUSTYCRAB-20260507T125506-8901,fixed_intermediate_0.1,[_status_aggr_degree_moretopo],0.75,0.49567273183881794,0.5958473037986726,7208.991458092313,75,0,13,12,24258.0,14290.0,6884586.842478159,11554280.431558942,0.5890840135213126,955.0,14.963350785340314,25.40104712041885,33524.0,6493,27028.0,28,0.0,0.0,0.0,3,dataset/p_net\100-waxman_[0.5-0.2]-cpu_[50-100]-rdma_capable_[0-1]-nic_slots_[4-8]-qp_budget_[16-64]-rack_id_[0-9]-bw_[50-100]-latency_[1-5]-rdma_link_[0-1]-seed_3,dataset/v_nets\100-[2-10]-random-500-0.08-cpu_[1-20]-bw_[1-50]-msg_rate_[1-10]-delay_sensitive_[0-1]-flow_type_[1-3]-latency_[2-15]-seed_3,20260507T125507,109.35801148414612
rdma_rank,KRUSTYCRAB-20260507T125716-1507,fixed_intermediate_0.1,[_status_aggr_degree_moretopo],0.62,0.3819691842224111,0.5896725921152594,8299.782019024691,62,0,21,17,24345.0,13878.0,7677298.367597839,13019595.060469097,0.5700554528650646,925.0,15.003243243243244,26.318918918918918,30998.0,6197,24801.0,25,0.0,0.0,0.0,4,dataset/p_net\100-waxman_[0.5-0.2]-cpu_[50-100]-rdma_capable_[0-1]-nic_slots_[4-8]-qp_budget_[16-64]-rack_id_[0-9]-bw_[50-100]-latency_[1-5]-rdma_link_[0-1]-seed_4,dataset/v_nets\100-[2-10]-random-500-0.08-cpu_[1-20]-bw_[1-50]-msg_rate_[1-10]-delay_sensitive_[0-1]-flow_type_[1-3]-latency_[2-15]-seed_4,20260507T125716,137.21151494979858
rdma_rank_wo_node_rdma,KRUSTYCRAB-20260507T125954-9050,fixed_intermediate_0.1,[_status_aggr_degree_moretopo],0.75,0.4742014234831158,0.5660194294433544,7606.449033301745,75,0,7,18,29249.0,16300.0,7674907.07460146,13559441.028639711,0.5572840097097337,1009.0,16.154608523290385,28.98810703666997,35821.0,5726,30055.0,27,0.0,0.0,0.0,0,dataset/p_net\100-waxman_[0.5-0.2]-cpu_[50-100]-rdma_capable_[0-1]-nic_slots_[4-8]-qp_budget_[16-64]-rack_id_[0-9]-bw_[50-100]-latency_[1-5]-rdma_link_[0-1]-seed_0,dataset/v_nets\100-[2-10]-random-500-0.08-cpu_[1-20]-bw_[1-50]-msg_rate_[1-10]-delay_sensitive_[0-1]-flow_type_[1-3]-latency_[2-15]-seed_0,20260507T125955,122.07044959068298
rdma_rank_wo_node_rdma,KRUSTYCRAB-20260507T130217-8876,fixed_intermediate_0.1,[_status_aggr_degree_moretopo],0.6,0.379587710216233,0.5410231016387015,6484.179440122861,60,0,15,25,22505.0,12515.0,5706077.9073081175,10546828.573539676,0.5560986447456121,880.0,14.221590909090908,25.573863636363637,36464.0,6180,30252.0,20,0.0,0.0,0.0,1,dataset/p_net\100-waxman_[0.5-0.2]-cpu_[50-100]-rdma_capable_[0-1]-nic_slots_[4-8]-qp_budget_[16-64]-rack_id_[0-9]-bw_[50-100]-latency_[1-5]-rdma_link_[0-1]-seed_1,dataset/v_nets\100-[2-10]-random-500-0.08-cpu_[1-20]-bw_[1-50]-msg_rate_[1-10]-delay_sensitive_[0-1]-flow_type_[1-3]-latency_[2-15]-seed_1,20260507T130217,132.5342080593109
rdma_rank_wo_node_rdma,KRUSTYCRAB-20260507T130449-0729,fixed_intermediate_0.1,[_status_aggr_degree_moretopo],0.61,0.37514310589843347,0.55954366917755,8098.435311291278,61,0,15,24,23522.0,13269.0,7653021.369170258,13677254.86094609,0.5641101947113341,945.0,14.041269841269841,24.891005291005293,33205.0,6205,26941.0,27,0.0,0.0,0.0,2,dataset/p_net\100-waxman_[0.5-0.2]-cpu_[50-100]-rdma_capable_[0-1]-nic_slots_[4-8]-qp_budget_[16-64]-rack_id_[0-9]-bw_[50-100]-latency_[1-5]-rdma_link_[0-1]-seed_2,dataset/v_nets\100-[2-10]-random-500-0.08-cpu_[1-20]-bw_[1-50]-msg_rate_[1-10]-delay_sensitive_[0-1]-flow_type_[1-3]-latency_[2-15]-seed_2,20260507T130450,118.73382449150085
rdma_rank_wo_node_rdma,KRUSTYCRAB-20260507T130709-4401,fixed_intermediate_0.1,[_status_aggr_degree_moretopo],0.75,0.5028080695691977,0.6006436503898649,7450.653951429206,75,0,14,11,25472.0,14948.0,7115374.523614892,11846249.46754445,0.5868404522613065,955.0,15.652356020942408,26.672251308900524,32525.0,6370,26155.0,29,0.0,0.0,0.0,3,dataset/p_net\100-waxman_[0.5-0.2]-cpu_[50-100]-rdma_capable_[0-1]-nic_slots_[4-8]-qp_budget_[16-64]-rack_id_[0-9]-bw_[50-100]-latency_[1-5]-rdma_link_[0-1]-seed_3,dataset/v_nets\100-[2-10]-random-500-0.08-cpu_[1-20]-bw_[1-50]-msg_rate_[1-10]-delay_sensitive_[0-1]-flow_type_[1-3]-latency_[2-15]-seed_3,20260507T130709,103.35950231552124
rdma_rank_wo_node_rdma,KRUSTYCRAB-20260507T130912-4579,fixed_intermediate_0.1,[_status_aggr_degree_moretopo],0.62,0.3819691842224111,0.5896725921152594,8299.782019024691,62,0,21,17,24345.0,13878.0,7677298.367597839,13019595.060469097,0.5700554528650646,925.0,15.003243243243244,26.318918918918918,30998.0,6197,24801.0,25,0.0,0.0,0.0,4,dataset/p_net\100-waxman_[0.5-0.2]-cpu_[50-100]-rdma_capable_[0-1]-nic_slots_[4-8]-qp_budget_[16-64]-rack_id_[0-9]-bw_[50-100]-latency_[1-5]-rdma_link_[0-1]-seed_4,dataset/v_nets\100-[2-10]-random-500-0.08-cpu_[1-20]-bw_[1-50]-msg_rate_[1-10]-delay_sensitive_[0-1]-flow_type_[1-3]-latency_[2-15]-seed_4,20260507T130913,80.04172945022583
rdma_rank_wo_link_rdma,KRUSTYCRAB-20260507T131044-8130,fixed_intermediate_0.1,[_status_aggr_degree_moretopo],0.73,0.4789001323400428,0.5997752988581827,6870.612240043029,73,0,9,18,25952.0,15257.0,6932447.750203416,11558408.22955031,0.5878930332922319,1009.0,15.120911793855303,25.7205153617443,37871.0,5889,31982.0,25,0.0,0.0,0.0,0,dataset/p_net\100-waxman_[0.5-0.2]-cpu_[50-100]-rdma_capable_[0-1]-nic_slots_[4-8]-qp_budget_[16-64]-rack_id_[0-9]-bw_[50-100]-latency_[1-5]-rdma_link_[0-1]-seed_0,dataset/v_nets\100-[2-10]-random-500-0.08-cpu_[1-20]-bw_[1-50]-msg_rate_[1-10]-delay_sensitive_[0-1]-flow_type_[1-3]-latency_[2-15]-seed_0,20260507T131044,62.785290479660034
rdma_rank_wo_link_rdma,KRUSTYCRAB-20260507T131157-6440,fixed_intermediate_0.1,[_status_aggr_degree_moretopo],0.57,0.3548821636636131,0.5366037638376026,6087.959884681249,57,0,15,28,20515.0,11145.0,5357404.698519499,9983911.89097373,0.5432610285157202,880.0,12.664772727272727,23.3125,37449.0,6223,31196.0,20,0.0,0.0,0.0,1,dataset/p_net\100-waxman_[0.5-0.2]-cpu_[50-100]-rdma_capable_[0-1]-nic_slots_[4-8]-qp_budget_[16-64]-rack_id_[0-9]-bw_[50-100]-latency_[1-5]-rdma_link_[0-1]-seed_1,dataset/v_nets\100-[2-10]-random-500-0.08-cpu_[1-20]-bw_[1-50]-msg_rate_[1-10]-delay_sensitive_[0-1]-flow_type_[1-3]-latency_[2-15]-seed_1,20260507T131158,67.62959408760071
rdma_rank_wo_link_rdma,KRUSTYCRAB-20260507T131316-0874,fixed_intermediate_0.1,[_status_aggr_degree_moretopo],0.58,0.3579317053420716,0.5381571510898935,8226.910650251333,58,0,20,22,23701.0,12718.0,7774430.56448751,14446394.605632348,0.5366018311463652,945.0,13.458201058201059,25.08042328042328,31627.0,6174,25453.0,27,0.0,0.0,0.0,2,dataset/p_net\100-waxman_[0.5-0.2]-cpu_[50-100]-rdma_capable_[0-1]-nic_slots_[4-8]-qp_budget_[16-64]-rack_id_[0-9]-bw_[50-100]-latency_[1-5]-rdma_link_[0-1]-seed_2,dataset/v_nets\100-[2-10]-random-500-0.08-cpu_[1-20]-bw_[1-50]-msg_rate_[1-10]-delay_sensitive_[0-1]-flow_type_[1-3]-latency_[2-15]-seed_2,20260507T131317,60.85538411140442
rdma_rank_wo_link_rdma,KRUSTYCRAB-20260507T131428-5053,fixed_intermediate_0.1,[_status_aggr_degree_moretopo],0.72,0.4948148070970161,0.6037550074497097,6853.747389408986,72,0,13,15,21136.0,12543.0,6545328.756885582,10841034.320416434,0.5934424678274035,955.0,13.134031413612565,22.13193717277487,33959.0,6512,27337.0,28,0.0,0.0,0.0,3,dataset/p_net\100-waxman_[0.5-0.2]-cpu_[50-100]-rdma_capable_[0-1]-nic_slots_[4-8]-qp_budget_[16-64]-rack_id_[0-9]-bw_[50-100]-latency_[1-5]-rdma_link_[0-1]-seed_3,dataset/v_nets\100-[2-10]-random-500-0.08-cpu_[1-20]-bw_[1-50]-msg_rate_[1-10]-delay_sensitive_[0-1]-flow_type_[1-3]-latency_[2-15]-seed_3,20260507T131428,53.11261963844299
rdma_rank_wo_link_rdma,KRUSTYCRAB-20260507T131535-6667,fixed_intermediate_0.1,[_status_aggr_degree_moretopo],0.59,0.3649011238273674,0.5645136880136965,6596.18521011425,59,0,15,26,23090.0,12775.0,6101471.319355682,10808367.359212102,0.5532698137721958,925.0,13.81081081081081,24.962162162162162,30702.0,6158,24531.0,25,0.0,0.0,0.0,4,dataset/p_net\100-waxman_[0.5-0.2]-cpu_[50-100]-rdma_capable_[0-1]-nic_slots_[4-8]-qp_budget_[16-64]-rack_id_[0-9]-bw_[50-100]-latency_[1-5]-rdma_link_[0-1]-seed_4,dataset/v_nets\100-[2-10]-random-500-0.08-cpu_[1-20]-bw_[1-50]-msg_rate_[1-10]-delay_sensitive_[0-1]-flow_type_[1-3]-latency_[2-15]-seed_4,20260507T131536,132.56249523162842
rdma_rank_wo_traffic_type,KRUSTYCRAB-20260507T131808-2734,fixed_intermediate_0.1,[_status_aggr_degree_moretopo],0.71,0.44287352496363414,0.5560516442396417,7235.156447236951,71,0,10,19,27346.0,15161.0,7300272.855262084,13128767.67992414,0.554413808235208,1009.0,15.025768087215065,27.102081268582754,36917.0,5900,30940.0,26,0.0,0.0,0.0,0,dataset/p_net\100-waxman_[0.5-0.2]-cpu_[50-100]-rdma_capable_[0-1]-nic_slots_[4-8]-qp_budget_[16-64]-rack_id_[0-9]-bw_[50-100]-latency_[1-5]-rdma_link_[0-1]-seed_0,dataset/v_nets\100-[2-10]-random-500-0.08-cpu_[1-20]-bw_[1-50]-msg_rate_[1-10]-delay_sensitive_[0-1]-flow_type_[1-3]-latency_[2-15]-seed_0,20260507T131809,144.75886344909668
rdma_rank_wo_traffic_type,KRUSTYCRAB-20260507T132055-9487,fixed_intermediate_0.1,[_status_aggr_degree_moretopo],0.6,0.379587710216233,0.5410231016387015,6484.179440122861,60,0,15,25,22505.0,12515.0,5706077.9073081175,10546828.573539676,0.5560986447456121,880.0,14.221590909090908,25.573863636363637,36464.0,6180,30252.0,20,0.0,0.0,0.0,1,dataset/p_net\100-waxman_[0.5-0.2]-cpu_[50-100]-rdma_capable_[0-1]-nic_slots_[4-8]-qp_budget_[16-64]-rack_id_[0-9]-bw_[50-100]-latency_[1-5]-rdma_link_[0-1]-seed_1,dataset/v_nets\100-[2-10]-random-500-0.08-cpu_[1-20]-bw_[1-50]-msg_rate_[1-10]-delay_sensitive_[0-1]-flow_type_[1-3]-latency_[2-15]-seed_1,20260507T132056,173.18250608444214
rdma_rank_wo_traffic_type,KRUSTYCRAB-20260507T132411-9775,fixed_intermediate_0.1,[_status_aggr_degree_moretopo],0.58,0.3535513968648847,0.5622115146791432,8157.352574342855,58,0,22,20,24060.0,13333.0,7708698.182753999,13711384.383781947,0.5541562759767249,945.0,14.10899470899471,25.46031746031746,32915.0,6209,26706.0,26,0.0,0.0,0.0,2,dataset/p_net\100-waxman_[0.5-0.2]-cpu_[50-100]-rdma_capable_[0-1]-nic_slots_[4-8]-qp_budget_[16-64]-rack_id_[0-9]-bw_[50-100]-latency_[1-5]-rdma_link_[0-1]-seed_2,dataset/v_nets\100-[2-10]-random-500-0.08-cpu_[1-20]-bw_[1-50]-msg_rate_[1-10]-delay_sensitive_[0-1]-flow_type_[1-3]-latency_[2-15]-seed_2,20260507T132412,162.67938113212585
rdma_rank_wo_traffic_type,KRUSTYCRAB-20260507T132716-8998,fixed_intermediate_0.1,[_status_aggr_degree_moretopo],0.75,0.49567273183881794,0.5958473037986726,7208.991458092313,75,0,13,12,24258.0,14290.0,6884586.842478159,11554280.431558942,0.5890840135213126,955.0,14.963350785340314,25.40104712041885,33524.0,6493,27028.0,28,0.0,0.0,0.0,3,dataset/p_net\100-waxman_[0.5-0.2]-cpu_[50-100]-rdma_capable_[0-1]-nic_slots_[4-8]-qp_budget_[16-64]-rack_id_[0-9]-bw_[50-100]-latency_[1-5]-rdma_link_[0-1]-seed_3,dataset/v_nets\100-[2-10]-random-500-0.08-cpu_[1-20]-bw_[1-50]-msg_rate_[1-10]-delay_sensitive_[0-1]-flow_type_[1-3]-latency_[2-15]-seed_3,20260507T132717,132.49316716194153
rdma_rank_wo_traffic_type,KRUSTYCRAB-20260507T132952-5818,fixed_intermediate_0.1,[_status_aggr_degree_moretopo],0.62,0.3819691842224111,0.5896725921152594,8299.782019024691,62,0,21,17,24345.0,13878.0,7677298.367597839,13019595.060469097,0.5700554528650646,925.0,15.003243243243244,26.318918918918918,30998.0,6197,24801.0,25,0.0,0.0,0.0,4,dataset/p_net\100-waxman_[0.5-0.2]-cpu_[50-100]-rdma_capable_[0-1]-nic_slots_[4-8]-qp_budget_[16-64]-rack_id_[0-9]-bw_[50-100]-latency_[1-5]-rdma_link_[0-1]-seed_4,dataset/v_nets\100-[2-10]-random-500-0.08-cpu_[1-20]-bw_[1-50]-msg_rate_[1-10]-delay_sensitive_[0-1]-flow_type_[1-3]-latency_[2-15]-seed_4,20260507T132953,154.27978706359863
rdma_rank_wo_rdma_tcp_selection,KRUSTYCRAB-20260507T133247-4222,fixed_intermediate_0.1,[_status_aggr_degree_moretopo],0.73,0.4789001323400428,0.5997752988581827,6870.612240043029,73,0,9,18,25952.0,15257.0,6932447.750203416,11558408.22955031,0.5878930332922319,1009.0,15.120911793855303,25.7205153617443,37871.0,5889,31982.0,25,0.0,0.0,0.0,0,dataset/p_net\100-waxman_[0.5-0.2]-cpu_[50-100]-rdma_capable_[0-1]-nic_slots_[4-8]-qp_budget_[16-64]-rack_id_[0-9]-bw_[50-100]-latency_[1-5]-rdma_link_[0-1]-seed_0,dataset/v_nets\100-[2-10]-random-500-0.08-cpu_[1-20]-bw_[1-50]-msg_rate_[1-10]-delay_sensitive_[0-1]-flow_type_[1-3]-latency_[2-15]-seed_0,20260507T133247,141.78488278388977
rdma_rank_wo_rdma_tcp_selection,KRUSTYCRAB-20260507T133530-6796,fixed_intermediate_0.1,[_status_aggr_degree_moretopo],0.57,0.3548821636636131,0.5366037638376026,6087.959884681249,57,0,15,28,20515.0,11145.0,5357404.698519499,9983911.89097373,0.5432610285157202,880.0,12.664772727272727,23.3125,37449.0,6223,31196.0,20,0.0,0.0,0.0,1,dataset/p_net\100-waxman_[0.5-0.2]-cpu_[50-100]-rdma_capable_[0-1]-nic_slots_[4-8]-qp_budget_[16-64]-rack_id_[0-9]-bw_[50-100]-latency_[1-5]-rdma_link_[0-1]-seed_1,dataset/v_nets\100-[2-10]-random-500-0.08-cpu_[1-20]-bw_[1-50]-msg_rate_[1-10]-delay_sensitive_[0-1]-flow_type_[1-3]-latency_[2-15]-seed_1,20260507T133531,146.6484603881836
rdma_rank_wo_rdma_tcp_selection,KRUSTYCRAB-20260507T133808-3815,fixed_intermediate_0.1,[_status_aggr_degree_moretopo],0.58,0.3579317053420716,0.5381571510898935,8226.910650251333,58,0,20,22,23701.0,12718.0,7774430.56448751,14446394.605632348,0.5366018311463652,945.0,13.458201058201059,25.08042328042328,31627.0,6174,25453.0,27,0.0,0.0,0.0,2,dataset/p_net\100-waxman_[0.5-0.2]-cpu_[50-100]-rdma_capable_[0-1]-nic_slots_[4-8]-qp_budget_[16-64]-rack_id_[0-9]-bw_[50-100]-latency_[1-5]-rdma_link_[0-1]-seed_2,dataset/v_nets\100-[2-10]-random-500-0.08-cpu_[1-20]-bw_[1-50]-msg_rate_[1-10]-delay_sensitive_[0-1]-flow_type_[1-3]-latency_[2-15]-seed_2,20260507T133809,78.69429516792297
rdma_rank_wo_rdma_tcp_selection,KRUSTYCRAB-20260507T133942-2917,fixed_intermediate_0.1,[_status_aggr_degree_moretopo],0.72,0.4948148070970161,0.6037550074497097,6853.747389408986,72,0,13,15,21136.0,12543.0,6545328.756885582,10841034.320416434,0.5934424678274035,955.0,13.134031413612565,22.13193717277487,33959.0,6512,27337.0,28,0.0,0.0,0.0,3,dataset/p_net\100-waxman_[0.5-0.2]-cpu_[50-100]-rdma_capable_[0-1]-nic_slots_[4-8]-qp_budget_[16-64]-rack_id_[0-9]-bw_[50-100]-latency_[1-5]-rdma_link_[0-1]-seed_3,dataset/v_nets\100-[2-10]-random-500-0.08-cpu_[1-20]-bw_[1-50]-msg_rate_[1-10]-delay_sensitive_[0-1]-flow_type_[1-3]-latency_[2-15]-seed_3,20260507T133943,120.68389105796814
rdma_rank_wo_rdma_tcp_selection,KRUSTYCRAB-20260507T134204-6756,fixed_intermediate_0.1,[_status_aggr_degree_moretopo],0.58,0.3580676154871904,0.5734466693749297,6917.958551449096,58,0,16,26,22355.0,12521.0,6399111.660090414,11159035.35906067,0.5600984119883695,925.0,13.536216216216216,24.167567567567566,31945.0,6280,25665.0,24,0.0,0.0,0.0,4,dataset/p_net\100-waxman_[0.5-0.2]-cpu_[50-100]-rdma_capable_[0-1]-nic_slots_[4-8]-qp_budget_[16-64]-rack_id_[0-9]-bw_[50-100]-latency_[1-5]-rdma_link_[0-1]-seed_4,dataset/v_nets\100-[2-10]-random-500-0.08-cpu_[1-20]-bw_[1-50]-msg_rate_[1-10]-delay_sensitive_[0-1]-flow_type_[1-3]-latency_[2-15]-seed_4,20260507T134205,152.97839069366455
rdma_rank_wo_nic_scarcity,KRUSTYCRAB-20260507T134459-3257,fixed_intermediate_0.1,[_status_aggr_degree_moretopo],0.75,0.4748865551500341,0.5662318490229106,7606.449033301745,75,0,7,18,29152.0,16300.0,7674907.07460146,13554354.259382047,0.5591383095499451,1009.0,16.154608523290385,28.89197224975223,35821.0,5726,30055.0,27,0.0,0.0,0.0,0,dataset/p_net\100-waxman_[0.5-0.2]-cpu_[50-100]-rdma_capable_[0-1]-nic_slots_[4-8]-qp_budget_[16-64]-rack_id_[0-9]-bw_[50-100]-latency_[1-5]-rdma_link_[0-1]-seed_0,dataset/v_nets\100-[2-10]-random-500-0.08-cpu_[1-20]-bw_[1-50]-msg_rate_[1-10]-delay_sensitive_[0-1]-flow_type_[1-3]-latency_[2-15]-seed_0,20260507T134500,105.3181471824646
rdma_rank_wo_nic_scarcity,KRUSTYCRAB-20260507T134702-1305,fixed_intermediate_0.1,[_status_aggr_degree_moretopo],0.6,0.379587710216233,0.5410231016387015,6484.179440122861,60,0,15,25,22505.0,12515.0,5706077.9073081175,10546828.573539676,0.5560986447456121,880.0,14.221590909090908,25.573863636363637,36464.0,6180,30252.0,20,0.0,0.0,0.0,1,dataset/p_net\100-waxman_[0.5-0.2]-cpu_[50-100]-rdma_capable_[0-1]-nic_slots_[4-8]-qp_budget_[16-64]-rack_id_[0-9]-bw_[50-100]-latency_[1-5]-rdma_link_[0-1]-seed_1,dataset/v_nets\100-[2-10]-random-500-0.08-cpu_[1-20]-bw_[1-50]-msg_rate_[1-10]-delay_sensitive_[0-1]-flow_type_[1-3]-latency_[2-15]-seed_1,20260507T134702,92.11010789871216
rdma_rank_wo_nic_scarcity,KRUSTYCRAB-20260507T134845-1687,fixed_intermediate_0.1,[_status_aggr_degree_moretopo],0.61,0.37514310589843347,0.55954366917755,8098.435311291278,61,0,15,24,23522.0,13269.0,7653021.369170258,13677254.86094609,0.5641101947113341,945.0,14.041269841269841,24.891005291005293,33205.0,6205,26941.0,27,0.0,0.0,0.0,2,dataset/p_net\100-waxman_[0.5-0.2]-cpu_[50-100]-rdma_capable_[0-1]-nic_slots_[4-8]-qp_budget_[16-64]-rack_id_[0-9]-bw_[50-100]-latency_[1-5]-rdma_link_[0-1]-seed_2,dataset/v_nets\100-[2-10]-random-500-0.08-cpu_[1-20]-bw_[1-50]-msg_rate_[1-10]-delay_sensitive_[0-1]-flow_type_[1-3]-latency_[2-15]-seed_2,20260507T134845,76.54036259651184
rdma_rank_wo_nic_scarcity,KRUSTYCRAB-20260507T135013-0507,fixed_intermediate_0.1,[_status_aggr_degree_moretopo],0.75,0.49567273183881794,0.5958473037986726,7208.991458092313,75,0,13,12,24258.0,14290.0,6884586.842478159,11554280.431558942,0.5890840135213126,955.0,14.963350785340314,25.40104712041885,33524.0,6493,27028.0,28,0.0,0.0,0.0,3,dataset/p_net\100-waxman_[0.5-0.2]-cpu_[50-100]-rdma_capable_[0-1]-nic_slots_[4-8]-qp_budget_[16-64]-rack_id_[0-9]-bw_[50-100]-latency_[1-5]-rdma_link_[0-1]-seed_3,dataset/v_nets\100-[2-10]-random-500-0.08-cpu_[1-20]-bw_[1-50]-msg_rate_[1-10]-delay_sensitive_[0-1]-flow_type_[1-3]-latency_[2-15]-seed_3,20260507T135013,56.54480814933777
rdma_rank_wo_nic_scarcity,KRUSTYCRAB-20260507T135120-6140,fixed_intermediate_0.1,[_status_aggr_degree_moretopo],0.62,0.3819691842224111,0.5896725921152594,8299.782019024691,62,0,21,17,24345.0,13878.0,7677298.367597839,13019595.060469097,0.5700554528650646,925.0,15.003243243243244,26.318918918918918,30998.0,6197,24801.0,25,0.0,0.0,0.0,4,dataset/p_net\100-waxman_[0.5-0.2]-cpu_[50-100]-rdma_capable_[0-1]-nic_slots_[4-8]-qp_budget_[16-64]-rack_id_[0-9]-bw_[50-100]-latency_[1-5]-rdma_link_[0-1]-seed_4,dataset/v_nets\100-[2-10]-random-500-0.08-cpu_[1-20]-bw_[1-50]-msg_rate_[1-10]-delay_sensitive_[0-1]-flow_type_[1-3]-latency_[2-15]-seed_4,20260507T135120,70.9549720287323
rdma_rank_wo_slack,KRUSTYCRAB-20260507T135242-7989,fixed_intermediate_0.1,[_status_aggr_degree_moretopo],0.75,0.4748865551500341,0.5662318490229106,7606.449033301745,75,0,7,18,29152.0,16300.0,7674907.07460146,13554354.259382047,0.5591383095499451,1009.0,16.154608523290385,28.89197224975223,35821.0,5726,30055.0,27,0.0,0.0,0.0,0,dataset/p_net\100-waxman_[0.5-0.2]-cpu_[50-100]-rdma_capable_[0-1]-nic_slots_[4-8]-qp_budget_[16-64]-rack_id_[0-9]-bw_[50-100]-latency_[1-5]-rdma_link_[0-1]-seed_0,dataset/v_nets\100-[2-10]-random-500-0.08-cpu_[1-20]-bw_[1-50]-msg_rate_[1-10]-delay_sensitive_[0-1]-flow_type_[1-3]-latency_[2-15]-seed_0,20260507T135242,141.17161774635315
rdma_rank_wo_slack,KRUSTYCRAB-20260507T135525-8089,fixed_intermediate_0.1,[_status_aggr_degree_moretopo],0.6,0.379587710216233,0.5410231016387015,6484.179440122861,60,0,15,25,22505.0,12515.0,5706077.9073081175,10546828.573539676,0.5560986447456121,880.0,14.221590909090908,25.573863636363637,36464.0,6180,30252.0,20,0.0,0.0,0.0,1,dataset/p_net\100-waxman_[0.5-0.2]-cpu_[50-100]-rdma_capable_[0-1]-nic_slots_[4-8]-qp_budget_[16-64]-rack_id_[0-9]-bw_[50-100]-latency_[1-5]-rdma_link_[0-1]-seed_1,dataset/v_nets\100-[2-10]-random-500-0.08-cpu_[1-20]-bw_[1-50]-msg_rate_[1-10]-delay_sensitive_[0-1]-flow_type_[1-3]-latency_[2-15]-seed_1,20260507T135526,166.76218342781067
rdma_rank_wo_slack,KRUSTYCRAB-20260507T135834-3644,fixed_intermediate_0.1,[_status_aggr_degree_moretopo],0.61,0.37514310589843347,0.55954366917755,8098.435311291278,61,0,15,24,23522.0,13269.0,7653021.369170258,13677254.86094609,0.5641101947113341,945.0,14.041269841269841,24.891005291005293,33205.0,6205,26941.0,27,0.0,0.0,0.0,2,dataset/p_net\100-waxman_[0.5-0.2]-cpu_[50-100]-rdma_capable_[0-1]-nic_slots_[4-8]-qp_budget_[16-64]-rack_id_[0-9]-bw_[50-100]-latency_[1-5]-rdma_link_[0-1]-seed_2,dataset/v_nets\100-[2-10]-random-500-0.08-cpu_[1-20]-bw_[1-50]-msg_rate_[1-10]-delay_sensitive_[0-1]-flow_type_[1-3]-latency_[2-15]-seed_2,20260507T135835,162.36826348304749
rdma_rank_wo_slack,KRUSTYCRAB-20260507T140139-5473,fixed_intermediate_0.1,[_status_aggr_degree_moretopo],0.75,0.49567273183881794,0.5958473037986726,7208.991458092313,75,0,13,12,24258.0,14290.0,6884586.842478159,11554280.431558942,0.5890840135213126,955.0,14.963350785340314,25.40104712041885,33524.0,6493,27028.0,28,0.0,0.0,0.0,3,dataset/p_net\100-waxman_[0.5-0.2]-cpu_[50-100]-rdma_capable_[0-1]-nic_slots_[4-8]-qp_budget_[16-64]-rack_id_[0-9]-bw_[50-100]-latency_[1-5]-rdma_link_[0-1]-seed_3,dataset/v_nets\100-[2-10]-random-500-0.08-cpu_[1-20]-bw_[1-50]-msg_rate_[1-10]-delay_sensitive_[0-1]-flow_type_[1-3]-latency_[2-15]-seed_3,20260507T140140,122.61943864822388
rdma_rank_wo_slack,KRUSTYCRAB-20260507T140404-5116,fixed_intermediate_0.1,[_status_aggr_degree_moretopo],0.62,0.3819691842224111,0.5896725921152594,8299.782019024691,62,0,21,17,24345.0,13878.0,7677298.367597839,13019595.060469097,0.5700554528650646,925.0,15.003243243243244,26.318918918918918,30998.0,6197,24801.0,25,0.0,0.0,0.0,4,dataset/p_net\100-waxman_[0.5-0.2]-cpu_[50-100]-rdma_capable_[0-1]-nic_slots_[4-8]-qp_budget_[16-64]-rack_id_[0-9]-bw_[50-100]-latency_[1-5]-rdma_link_[0-1]-seed_4,dataset/v_nets\100-[2-10]-random-500-0.08-cpu_[1-20]-bw_[1-50]-msg_rate_[1-10]-delay_sensitive_[0-1]-flow_type_[1-3]-latency_[2-15]-seed_4,20260507T140405,153.09486556053162
rdma_rank_wo_all_rdma,KRUSTYCRAB-20260507T140656-0637,fixed_intermediate_0.1,[_status_aggr_degree_moretopo],0.73,0.4789001323400428,0.5997752988581827,6870.612240043029,73,0,9,18,25952.0,15257.0,6932447.750203416,11558408.22955031,0.5878930332922319,1009.0,15.120911793855303,25.7205153617443,37871.0,5889,31982.0,25,0.0,0.0,0.0,0,dataset/p_net\100-waxman_[0.5-0.2]-cpu_[50-100]-rdma_capable_[0-1]-nic_slots_[4-8]-qp_budget_[16-64]-rack_id_[0-9]-bw_[50-100]-latency_[1-5]-rdma_link_[0-1]-seed_0,dataset/v_nets\100-[2-10]-random-500-0.08-cpu_[1-20]-bw_[1-50]-msg_rate_[1-10]-delay_sensitive_[0-1]-flow_type_[1-3]-latency_[2-15]-seed_0,20260507T140656,122.62567782402039
rdma_rank_wo_all_rdma,KRUSTYCRAB-20260507T140919-7347,fixed_intermediate_0.1,[_status_aggr_degree_moretopo],0.57,0.3548821636636131,0.5366037638376026,6087.959884681249,57,0,15,28,20515.0,11145.0,5357404.698519499,9983911.89097373,0.5432610285157202,880.0,12.664772727272727,23.3125,37449.0,6223,31196.0,20,0.0,0.0,0.0,1,dataset/p_net\100-waxman_[0.5-0.2]-cpu_[50-100]-rdma_capable_[0-1]-nic_slots_[4-8]-qp_budget_[16-64]-rack_id_[0-9]-bw_[50-100]-latency_[1-5]-rdma_link_[0-1]-seed_1,dataset/v_nets\100-[2-10]-random-500-0.08-cpu_[1-20]-bw_[1-50]-msg_rate_[1-10]-delay_sensitive_[0-1]-flow_type_[1-3]-latency_[2-15]-seed_1,20260507T140919,130.19124746322632
rdma_rank_wo_all_rdma,KRUSTYCRAB-20260507T141149-5907,fixed_intermediate_0.1,[_status_aggr_degree_moretopo],0.58,0.3579317053420716,0.5381571510898935,8226.910650251333,58,0,20,22,23701.0,12718.0,7774430.56448751,14446394.605632348,0.5366018311463652,945.0,13.458201058201059,25.08042328042328,31627.0,6174,25453.0,27,0.0,0.0,0.0,2,dataset/p_net\100-waxman_[0.5-0.2]-cpu_[50-100]-rdma_capable_[0-1]-nic_slots_[4-8]-qp_budget_[16-64]-rack_id_[0-9]-bw_[50-100]-latency_[1-5]-rdma_link_[0-1]-seed_2,dataset/v_nets\100-[2-10]-random-500-0.08-cpu_[1-20]-bw_[1-50]-msg_rate_[1-10]-delay_sensitive_[0-1]-flow_type_[1-3]-latency_[2-15]-seed_2,20260507T141150,113.08985996246338
rdma_rank_wo_all_rdma,KRUSTYCRAB-20260507T141359-7487,fixed_intermediate_0.1,[_status_aggr_degree_moretopo],0.72,0.4948148070970161,0.6037550074497097,6853.747389408986,72,0,13,15,21136.0,12543.0,6545328.756885582,10841034.320416434,0.5934424678274035,955.0,13.134031413612565,22.13193717277487,33959.0,6512,27337.0,28,0.0,0.0,0.0,3,dataset/p_net\100-waxman_[0.5-0.2]-cpu_[50-100]-rdma_capable_[0-1]-nic_slots_[4-8]-qp_budget_[16-64]-rack_id_[0-9]-bw_[50-100]-latency_[1-5]-rdma_link_[0-1]-seed_3,dataset/v_nets\100-[2-10]-random-500-0.08-cpu_[1-20]-bw_[1-50]-msg_rate_[1-10]-delay_sensitive_[0-1]-flow_type_[1-3]-latency_[2-15]-seed_3,20260507T141359,53.2504243850708
rdma_rank_wo_all_rdma,KRUSTYCRAB-20260507T141503-7793,fixed_intermediate_0.1,[_status_aggr_degree_moretopo],0.59,0.3649011238273674,0.5645136880136965,6596.18521011425,59,0,15,26,23090.0,12775.0,6101471.319355682,10808367.359212102,0.5532698137721958,925.0,13.81081081081081,24.962162162162162,30702.0,6158,24531.0,25,0.0,0.0,0.0,4,dataset/p_net\100-waxman_[0.5-0.2]-cpu_[50-100]-rdma_capable_[0-1]-nic_slots_[4-8]-qp_budget_[16-64]-rack_id_[0-9]-bw_[50-100]-latency_[1-5]-rdma_link_[0-1]-seed_4,dataset/v_nets\100-[2-10]-random-500-0.08-cpu_[1-20]-bw_[1-50]-msg_rate_[1-10]-delay_sensitive_[0-1]-flow_type_[1-3]-latency_[2-15]-seed_4,20260507T141503,64.26086783409119
rdma_rank,KRUSTYCRAB-20260507T145233-3342,fixed_intermediate_0.1,[_status_aggr_degree_moretopo],0.77,0.48649956836606006,0.5824165998332754,7357.53171579022,77,0,3,20,30227.0,16868.0,7423749.501232332,12746459.327150838,0.5580441327290171,1009.0,16.717542120911794,29.957383548067394,35732.0,5688,30044.0,28,0.0,0.0,0.0,0,dataset/p_net\100-waxman_[0.5-0.2]-cpu_[50-100]-rdma_capable_[0-1]-nic_slots_[4-8]-qp_budget_[16-64]-rack_id_[0-9]-bw_[50-100]-latency_[1-5]-rdma_link_[0-1]-seed_0,dataset/v_nets\100-[2-10]-random-500-0.08-cpu_[1-20]-bw_[1-50]-msg_rate_[1-10]-delay_sensitive_[0-1]-flow_type_[1-3]-latency_[2-15]-seed_0,20260507T145234,137.76138138771057
rdma_rank,KRUSTYCRAB-20260507T145511-7896,fixed_intermediate_0.1,[_status_aggr_degree_moretopo],0.65,0.4264221282558491,0.5800100012274856,9145.79233068357,65,0,13,22,24791.0,14590.0,8048297.251001541,13876135.297613462,0.588520027429309,880.0,16.579545454545453,28.17159090909091,35688.0,5929,29759.0,22,0.0,0.0,0.0,1,dataset/p_net\100-waxman_[0.5-0.2]-cpu_[50-100]-rdma_capable_[0-1]-nic_slots_[4-8]-qp_budget_[16-64]-rack_id_[0-9]-bw_[50-100]-latency_[1-5]-rdma_link_[0-1]-seed_1,dataset/v_nets\100-[2-10]-random-500-0.08-cpu_[1-20]-bw_[1-50]-msg_rate_[1-10]-delay_sensitive_[0-1]-flow_type_[1-3]-latency_[2-15]-seed_1,20260507T145512,143.84946537017822
rdma_rank,KRUSTYCRAB-20260507T145756-7325,fixed_intermediate_0.1,[_status_aggr_degree_moretopo],0.59,0.3612598441992683,0.5539674830304099,6860.450264865262,59,0,22,19,21564.0,12257.0,6483125.500297673,11703079.510791041,0.5684010387683176,945.0,12.97037037037037,22.81904761904762,33810.0,6280,27484.0,25,0.0,0.0,0.0,2,dataset/p_net\100-waxman_[0.5-0.2]-cpu_[50-100]-rdma_capable_[0-1]-nic_slots_[4-8]-qp_budget_[16-64]-rack_id_[0-9]-bw_[50-100]-latency_[1-5]-rdma_link_[0-1]-seed_2,dataset/v_nets\100-[2-10]-random-500-0.08-cpu_[1-20]-bw_[1-50]-msg_rate_[1-10]-delay_sensitive_[0-1]-flow_type_[1-3]-latency_[2-15]-seed_2,20260507T145756,140.01590180397034
rdma_rank,KRUSTYCRAB-20260507T150036-3663,fixed_intermediate_0.1,[_status_aggr_degree_moretopo],0.66,0.43940171911716186,0.5756931788424123,7419.194401480124,66,0,17,17,19227.0,11139.0,7085330.653413518,12307477.16632756,0.579341550943985,955.0,11.663874345549738,20.13298429319372,32607.0,6318,26289.0,29,0.0,0.0,0.0,3,dataset/p_net\100-waxman_[0.5-0.2]-cpu_[50-100]-rdma_capable_[0-1]-nic_slots_[4-8]-qp_budget_[16-64]-rack_id_[0-9]-bw_[50-100]-latency_[1-5]-rdma_link_[0-1]-seed_3,dataset/v_nets\100-[2-10]-random-500-0.08-cpu_[1-20]-bw_[1-50]-msg_rate_[1-10]-delay_sensitive_[0-1]-flow_type_[1-3]-latency_[2-15]-seed_3,20260507T150037,104.15972375869751
rdma_rank,KRUSTYCRAB-20260507T150241-3406,fixed_intermediate_0.1,[_status_aggr_degree_moretopo],0.5,0.30800391817245354,0.5540757418080041,6344.306474241458,50,0,22,28,16568.0,9313.0,5868483.488673349,10591482.437985653,0.562107677450507,925.0,10.068108108108108,17.91135135135135,32497.0,6380,26086.0,24,0.0,0.0,0.0,4,dataset/p_net\100-waxman_[0.5-0.2]-cpu_[50-100]-rdma_capable_[0-1]-nic_slots_[4-8]-qp_budget_[16-64]-rack_id_[0-9]-bw_[50-100]-latency_[1-5]-rdma_link_[0-1]-seed_4,dataset/v_nets\100-[2-10]-random-500-0.08-cpu_[1-20]-bw_[1-50]-msg_rate_[1-10]-delay_sensitive_[0-1]-flow_type_[1-3]-latency_[2-15]-seed_4,20260507T150241,120.57175517082214
rdma_rank_wo_node_rdma,KRUSTYCRAB-20260507T150452-5366,fixed_intermediate_0.1,[_status_aggr_degree_moretopo],0.77,0.48649956836606006,0.5824165998332754,7357.53171579022,77,0,3,20,30227.0,16868.0,7423749.501232332,12746459.327150838,0.5580441327290171,1009.0,16.717542120911794,29.957383548067394,35732.0,5688,30044.0,28,0.0,0.0,0.0,0,dataset/p_net\100-waxman_[0.5-0.2]-cpu_[50-100]-rdma_capable_[0-1]-nic_slots_[4-8]-qp_budget_[16-64]-rack_id_[0-9]-bw_[50-100]-latency_[1-5]-rdma_link_[0-1]-seed_0,dataset/v_nets\100-[2-10]-random-500-0.08-cpu_[1-20]-bw_[1-50]-msg_rate_[1-10]-delay_sensitive_[0-1]-flow_type_[1-3]-latency_[2-15]-seed_0,20260507T150453,98.47209310531616
rdma_rank_wo_node_rdma,KRUSTYCRAB-20260507T150651-1585,fixed_intermediate_0.1,[_status_aggr_degree_moretopo],0.65,0.4264221282558491,0.5800100012274856,9145.79233068357,65,0,13,22,24791.0,14590.0,8048297.251001541,13876135.297613462,0.588520027429309,880.0,16.579545454545453,28.17159090909091,35688.0,5929,29759.0,22,0.0,0.0,0.0,1,dataset/p_net\100-waxman_[0.5-0.2]-cpu_[50-100]-rdma_capable_[0-1]-nic_slots_[4-8]-qp_budget_[16-64]-rack_id_[0-9]-bw_[50-100]-latency_[1-5]-rdma_link_[0-1]-seed_1,dataset/v_nets\100-[2-10]-random-500-0.08-cpu_[1-20]-bw_[1-50]-msg_rate_[1-10]-delay_sensitive_[0-1]-flow_type_[1-3]-latency_[2-15]-seed_1,20260507T150651,131.7517671585083
rdma_rank_wo_node_rdma,KRUSTYCRAB-20260507T150916-8718,fixed_intermediate_0.1,[_status_aggr_degree_moretopo],0.59,0.3612598441992683,0.5539674830304099,6860.450264865262,59,0,22,19,21564.0,12257.0,6483125.500297673,11703079.510791041,0.5684010387683176,945.0,12.97037037037037,22.81904761904762,33810.0,6280,27484.0,25,0.0,0.0,0.0,2,dataset/p_net\100-waxman_[0.5-0.2]-cpu_[50-100]-rdma_capable_[0-1]-nic_slots_[4-8]-qp_budget_[16-64]-rack_id_[0-9]-bw_[50-100]-latency_[1-5]-rdma_link_[0-1]-seed_2,dataset/v_nets\100-[2-10]-random-500-0.08-cpu_[1-20]-bw_[1-50]-msg_rate_[1-10]-delay_sensitive_[0-1]-flow_type_[1-3]-latency_[2-15]-seed_2,20260507T150917,60.00827693939209
rdma_rank_wo_node_rdma,KRUSTYCRAB-20260507T151028-0431,fixed_intermediate_0.1,[_status_aggr_degree_moretopo],0.66,0.43940171911716186,0.5756931788424123,7419.194401480124,66,0,17,17,19227.0,11139.0,7085330.653413518,12307477.16632756,0.579341550943985,955.0,11.663874345549738,20.13298429319372,32607.0,6318,26289.0,29,0.0,0.0,0.0,3,dataset/p_net\100-waxman_[0.5-0.2]-cpu_[50-100]-rdma_capable_[0-1]-nic_slots_[4-8]-qp_budget_[16-64]-rack_id_[0-9]-bw_[50-100]-latency_[1-5]-rdma_link_[0-1]-seed_3,dataset/v_nets\100-[2-10]-random-500-0.08-cpu_[1-20]-bw_[1-50]-msg_rate_[1-10]-delay_sensitive_[0-1]-flow_type_[1-3]-latency_[2-15]-seed_3,20260507T151028,51.687047243118286
rdma_rank_wo_node_rdma,KRUSTYCRAB-20260507T151135-5192,fixed_intermediate_0.1,[_status_aggr_degree_moretopo],0.5,0.30800391817245354,0.5540757418080041,6344.306474241458,50,0,22,28,16568.0,9313.0,5868483.488673349,10591482.437985653,0.562107677450507,925.0,10.068108108108108,17.91135135135135,32497.0,6380,26086.0,24,0.0,0.0,0.0,4,dataset/p_net\100-waxman_[0.5-0.2]-cpu_[50-100]-rdma_capable_[0-1]-nic_slots_[4-8]-qp_budget_[16-64]-rack_id_[0-9]-bw_[50-100]-latency_[1-5]-rdma_link_[0-1]-seed_4,dataset/v_nets\100-[2-10]-random-500-0.08-cpu_[1-20]-bw_[1-50]-msg_rate_[1-10]-delay_sensitive_[0-1]-flow_type_[1-3]-latency_[2-15]-seed_4,20260507T151136,75.69084072113037
rdma_rank_wo_slack,KRUSTYCRAB-20260507T151303-4455,fixed_intermediate_0.1,[_status_aggr_degree_moretopo],0.77,0.48649956836606006,0.5824165998332754,7357.53171579022,77,0,3,20,30227.0,16868.0,7423749.501232332,12746459.327150838,0.5580441327290171,1009.0,16.717542120911794,29.957383548067394,35732.0,5688,30044.0,28,0.0,0.0,0.0,0,dataset/p_net\100-waxman_[0.5-0.2]-cpu_[50-100]-rdma_capable_[0-1]-nic_slots_[4-8]-qp_budget_[16-64]-rack_id_[0-9]-bw_[50-100]-latency_[1-5]-rdma_link_[0-1]-seed_0,dataset/v_nets\100-[2-10]-random-500-0.08-cpu_[1-20]-bw_[1-50]-msg_rate_[1-10]-delay_sensitive_[0-1]-flow_type_[1-3]-latency_[2-15]-seed_0,20260507T151304,138.30335998535156
rdma_rank_wo_slack,KRUSTYCRAB-20260507T151541-1339,fixed_intermediate_0.1,[_status_aggr_degree_moretopo],0.65,0.4264221282558491,0.5800100012274856,9145.79233068357,65,0,13,22,24791.0,14590.0,8048297.251001541,13876135.297613462,0.588520027429309,880.0,16.579545454545453,28.17159090909091,35688.0,5929,29759.0,22,0.0,0.0,0.0,1,dataset/p_net\100-waxman_[0.5-0.2]-cpu_[50-100]-rdma_capable_[0-1]-nic_slots_[4-8]-qp_budget_[16-64]-rack_id_[0-9]-bw_[50-100]-latency_[1-5]-rdma_link_[0-1]-seed_1,dataset/v_nets\100-[2-10]-random-500-0.08-cpu_[1-20]-bw_[1-50]-msg_rate_[1-10]-delay_sensitive_[0-1]-flow_type_[1-3]-latency_[2-15]-seed_1,20260507T151542,143.0940878391266
rdma_rank_wo_slack,KRUSTYCRAB-20260507T151825-5601,fixed_intermediate_0.1,[_status_aggr_degree_moretopo],0.59,0.3612598441992683,0.5539674830304099,6860.450264865262,59,0,22,19,21564.0,12257.0,6483125.500297673,11703079.510791041,0.5684010387683176,945.0,12.97037037037037,22.81904761904762,33810.0,6280,27484.0,25,0.0,0.0,0.0,2,dataset/p_net\100-waxman_[0.5-0.2]-cpu_[50-100]-rdma_capable_[0-1]-nic_slots_[4-8]-qp_budget_[16-64]-rack_id_[0-9]-bw_[50-100]-latency_[1-5]-rdma_link_[0-1]-seed_2,dataset/v_nets\100-[2-10]-random-500-0.08-cpu_[1-20]-bw_[1-50]-msg_rate_[1-10]-delay_sensitive_[0-1]-flow_type_[1-3]-latency_[2-15]-seed_2,20260507T151826,107.30531454086304
rdma_rank_wo_slack,KRUSTYCRAB-20260507T152034-7378,fixed_intermediate_0.1,[_status_aggr_degree_moretopo],0.66,0.43940171911716186,0.5756931788424123,7419.194401480124,66,0,17,17,19227.0,11139.0,7085330.653413518,12307477.16632756,0.579341550943985,955.0,11.663874345549738,20.13298429319372,32607.0,6318,26289.0,29,0.0,0.0,0.0,3,dataset/p_net\100-waxman_[0.5-0.2]-cpu_[50-100]-rdma_capable_[0-1]-nic_slots_[4-8]-qp_budget_[16-64]-rack_id_[0-9]-bw_[50-100]-latency_[1-5]-rdma_link_[0-1]-seed_3,dataset/v_nets\100-[2-10]-random-500-0.08-cpu_[1-20]-bw_[1-50]-msg_rate_[1-10]-delay_sensitive_[0-1]-flow_type_[1-3]-latency_[2-15]-seed_3,20260507T152034,89.9611496925354
rdma_rank_wo_slack,KRUSTYCRAB-20260507T152215-5560,fixed_intermediate_0.1,[_status_aggr_degree_moretopo],0.5,0.30800391817245354,0.5540757418080041,6344.306474241458,50,0,22,28,16568.0,9313.0,5868483.488673349,10591482.437985653,0.562107677450507,925.0,10.068108108108108,17.91135135135135,32497.0,6380,26086.0,24,0.0,0.0,0.0,4,dataset/p_net\100-waxman_[0.5-0.2]-cpu_[50-100]-rdma_capable_[0-1]-nic_slots_[4-8]-qp_budget_[16-64]-rack_id_[0-9]-bw_[50-100]-latency_[1-5]-rdma_link_[0-1]-seed_4,dataset/v_nets\100-[2-10]-random-500-0.08-cpu_[1-20]-bw_[1-50]-msg_rate_[1-10]-delay_sensitive_[0-1]-flow_type_[1-3]-latency_[2-15]-seed_4,20260507T152215,70.76955270767212
