solver_name,reward_calculator_name,feature_constructor_used_features,run_id,num_train_epochs
rdma_rank,fixed_intermediate_0.1,[_status_aggr_degree_moretopo],KRUSTYCRAB-20260418T095717-1040,50
rdma_rank,fixed_intermediate_0.1,[_status_aggr_degree_moretopo],KRUSTYCRAB-20260419T164018-8731,50
rdma_rank,fixed_intermediate_0.1,[_status_aggr_degree_moretopo],KRUSTYCRAB-20260419T173954-9615,50
vanilla_vne,fixed_intermediate_0.1,[_status_aggr_degree_moretopo],KRUSTYCRAB-20260420T150117-1550,50
always_offload_if_eligible,fixed_intermediate_0.1,[_status_aggr_degree_moretopo],KRUSTYCRAB-20260420T150539-3476,50
rdma_rank,fixed_intermediate_0.1,[_status_aggr_degree_moretopo],KRUSTYCRAB-20260420T150920-0263,50
rdma_rank,fixed_intermediate_0.1,[_status_aggr_degree_moretopo],KRUSTYCRAB-20260420T162151-3795,50
vanilla_vne,fixed_intermediate_0.1,[_status_aggr_degree_moretopo],KRUSTYCRAB-20260420T163555-5498,50
vanilla_vne,fixed_intermediate_0.1,[_status_aggr_degree_moretopo],KRUSTYCRAB-20260420T163828-9490,50
vanilla_vne,fixed_intermediate_0.1,[_status_aggr_degree_moretopo],KRUSTYCRAB-20260420T164112-3562,50
vanilla_vne,fixed_intermediate_0.1,[_status_aggr_degree_moretopo],KRUSTYCRAB-20260420T164333-8768,50
vanilla_vne,fixed_intermediate_0.1,[_status_aggr_degree_moretopo],KRUSTYCRAB-20260420T164546-5511,50
always_offload_if_eligible,fixed_intermediate_0.1,[_status_aggr_degree_moretopo],KRUSTYCRAB-20260420T165356-5593,50
always_offload_if_eligible,fixed_intermediate_0.1,[_status_aggr_degree_moretopo],KRUSTYCRAB-20260420T165640-0724,50
always_offload_if_eligible,fixed_intermediate_0.1,[_status_aggr_degree_moretopo],KRUSTYCRAB-20260420T165939-7275,50
always_offload_if_eligible,fixed_intermediate_0.1,[_status_aggr_degree_moretopo],KRUSTYCRAB-20260420T170228-4383,50
always_offload_if_eligible,fixed_intermediate_0.1,[_status_aggr_degree_moretopo],KRUSTYCRAB-20260420T170443-6302,50
rdma_rank,fixed_intermediate_0.1,[_status_aggr_degree_moretopo],KRUSTYCRAB-20260420T172149-3309,50
rdma_rank,fixed_intermediate_0.1,[_status_aggr_degree_moretopo],KRUSTYCRAB-20260420T172437-3574,50
rdma_rank,fixed_intermediate_0.1,[_status_aggr_degree_moretopo],KRUSTYCRAB-20260420T172741-7531,50
rdma_rank,fixed_intermediate_0.1,[_status_aggr_degree_moretopo],KRUSTYCRAB-20260420T173043-5207,50
rdma_rank,fixed_intermediate_0.1,[_status_aggr_degree_moretopo],KRUSTYCRAB-20260420T173303-3603,50
grc_rank,fixed_intermediate_0.1,[_status_aggr_degree_moretopo],KRUSTYCRAB-20260429T133040-8336,50
grc_rank,fixed_intermediate_0.1,[_status_aggr_degree_moretopo],KRUSTYCRAB-20260429T133134-5884,50
grc_rank,fixed_intermediate_0.1,[_status_aggr_degree_moretopo],KRUSTYCRAB-20260429T133201-4709,50
grc_rank,fixed_intermediate_0.1,[_status_aggr_degree_moretopo],KRUSTYCRAB-20260429T133228-9783,50
grc_rank,fixed_intermediate_0.1,[_status_aggr_degree_moretopo],KRUSTYCRAB-20260429T133255-1527,50
grc_rank,fixed_intermediate_0.1,[_status_aggr_degree_moretopo],KRUSTYCRAB-20260429T133321-7028,50
nrm_rank,fixed_intermediate_0.1,[_status_aggr_degree_moretopo],KRUSTYCRAB-20260429T133409-2891,50
nrm_rank,fixed_intermediate_0.1,[_status_aggr_degree_moretopo],KRUSTYCRAB-20260429T133440-4800,50
nrm_rank,fixed_intermediate_0.1,[_status_aggr_degree_moretopo],KRUSTYCRAB-20260429T133510-8614,50
nrm_rank,fixed_intermediate_0.1,[_status_aggr_degree_moretopo],KRUSTYCRAB-20260429T133540-3476,50
nrm_rank,fixed_intermediate_0.1,[_status_aggr_degree_moretopo],KRUSTYCRAB-20260429T133609-4015,50
rw_rank,fixed_intermediate_0.1,[_status_aggr_degree_moretopo],KRUSTYCRAB-20260429T165107-3324,50
rw_rank,fixed_intermediate_0.1,[_status_aggr_degree_moretopo],KRUSTYCRAB-20260429T165122-9873,50
rw_rank,fixed_intermediate_0.1,[_status_aggr_degree_moretopo],KRUSTYCRAB-20260429T165137-8217,50
rw_rank,fixed_intermediate_0.1,[_status_aggr_degree_moretopo],KRUSTYCRAB-20260429T165151-3166,50
rw_rank,fixed_intermediate_0.1,[_status_aggr_degree_moretopo],KRUSTYCRAB-20260429T165206-3999,50
pl_rank,fixed_intermediate_0.1,[_status_aggr_degree_moretopo],KRUSTYCRAB-20260507T114330-3441,50
pl_rank,fixed_intermediate_0.1,[_status_aggr_degree_moretopo],KRUSTYCRAB-20260507T114425-5486,50
pl_rank,fixed_intermediate_0.1,[_status_aggr_degree_moretopo],KRUSTYCRAB-20260507T114558-8744,50
pl_rank,fixed_intermediate_0.1,[_status_aggr_degree_moretopo],KRUSTYCRAB-20260507T114648-3138,50
pl_rank,fixed_intermediate_0.1,[_status_aggr_degree_moretopo],KRUSTYCRAB-20260507T114731-1508,50
order_rank,fixed_intermediate_0.1,[_status_aggr_degree_moretopo],KRUSTYCRAB-20260507T114811-1595,50
order_rank,fixed_intermediate_0.1,[_status_aggr_degree_moretopo],KRUSTYCRAB-20260507T114835-0481,50
order_rank,fixed_intermediate_0.1,[_status_aggr_degree_moretopo],KRUSTYCRAB-20260507T114854-2562,50
order_rank,fixed_intermediate_0.1,[_status_aggr_degree_moretopo],KRUSTYCRAB-20260507T114914-1942,50
order_rank,fixed_intermediate_0.1,[_status_aggr_degree_moretopo],KRUSTYCRAB-20260507T114935-8941,50
ffd_rank,fixed_intermediate_0.1,[_status_aggr_degree_moretopo],KRUSTYCRAB-20260507T114949-2381,50
ffd_rank,fixed_intermediate_0.1,[_status_aggr_degree_moretopo],KRUSTYCRAB-20260507T115003-5216,50
ffd_rank,fixed_intermediate_0.1,[_status_aggr_degree_moretopo],KRUSTYCRAB-20260507T115016-4803,50
ffd_rank,fixed_intermediate_0.1,[_status_aggr_degree_moretopo],KRUSTYCRAB-20260507T115030-5259,50
ffd_rank,fixed_intermediate_0.1,[_status_aggr_degree_moretopo],KRUSTYCRAB-20260507T115044-4599,50
rdma_rank,fixed_intermediate_0.1,[_status_aggr_degree_moretopo],KRUSTYCRAB-20260507T124134-1994,50
rdma_rank_wo_node_rdma,fixed_intermediate_0.1,[_status_aggr_degree_moretopo],KRUSTYCRAB-20260507T124417-4204,50
rdma_rank,fixed_intermediate_0.1,[_status_aggr_degree_moretopo],KRUSTYCRAB-20260507T124656-9381,50
rdma_rank,fixed_intermediate_0.1,[_status_aggr_degree_moretopo],KRUSTYCRAB-20260507T124932-1929,50
rdma_rank,fixed_intermediate_0.1,[_status_aggr_degree_moretopo],KRUSTYCRAB-20260507T125221-3856,50
rdma_rank,fixed_intermediate_0.1,[_status_aggr_degree_moretopo],KRUSTYCRAB-20260507T125506-8901,50
rdma_rank,fixed_intermediate_0.1,[_status_aggr_degree_moretopo],KRUSTYCRAB-20260507T125716-1507,50
rdma_rank_wo_node_rdma,fixed_intermediate_0.1,[_status_aggr_degree_moretopo],KRUSTYCRAB-20260507T125954-9050,50
rdma_rank_wo_node_rdma,fixed_intermediate_0.1,[_status_aggr_degree_moretopo],KRUSTYCRAB-20260507T130217-8876,50
rdma_rank_wo_node_rdma,fixed_intermediate_0.1,[_status_aggr_degree_moretopo],KRUSTYCRAB-20260507T130449-0729,50
rdma_rank_wo_node_rdma,fixed_intermediate_0.1,[_status_aggr_degree_moretopo],KRUSTYCRAB-20260507T130709-4401,50
rdma_rank_wo_node_rdma,fixed_intermediate_0.1,[_status_aggr_degree_moretopo],KRUSTYCRAB-20260507T130912-4579,50
rdma_rank_wo_link_rdma,fixed_intermediate_0.1,[_status_aggr_degree_moretopo],KRUSTYCRAB-20260507T131044-8130,50
rdma_rank_wo_link_rdma,fixed_intermediate_0.1,[_status_aggr_degree_moretopo],KRUSTYCRAB-20260507T131157-6440,50
rdma_rank_wo_link_rdma,fixed_intermediate_0.1,[_status_aggr_degree_moretopo],KRUSTYCRAB-20260507T131316-0874,50
rdma_rank_wo_link_rdma,fixed_intermediate_0.1,[_status_aggr_degree_moretopo],KRUSTYCRAB-20260507T131428-5053,50
rdma_rank_wo_link_rdma,fixed_intermediate_0.1,[_status_aggr_degree_moretopo],KRUSTYCRAB-20260507T131535-6667,50
rdma_rank_wo_traffic_type,fixed_intermediate_0.1,[_status_aggr_degree_moretopo],KRUSTYCRAB-20260507T131808-2734,50
rdma_rank_wo_traffic_type,fixed_intermediate_0.1,[_status_aggr_degree_moretopo],KRUSTYCRAB-20260507T132055-9487,50
rdma_rank_wo_traffic_type,fixed_intermediate_0.1,[_status_aggr_degree_moretopo],KRUSTYCRAB-20260507T132411-9775,50
rdma_rank_wo_traffic_type,fixed_intermediate_0.1,[_status_aggr_degree_moretopo],KRUSTYCRAB-20260507T132716-8998,50
rdma_rank_wo_traffic_type,fixed_intermediate_0.1,[_status_aggr_degree_moretopo],KRUSTYCRAB-20260507T132952-5818,50
rdma_rank_wo_rdma_tcp_selection,fixed_intermediate_0.1,[_status_aggr_degree_moretopo],KRUSTYCRAB-20260507T133247-4222,50
rdma_rank_wo_rdma_tcp_selection,fixed_intermediate_0.1,[_status_aggr_degree_moretopo],KRUSTYCRAB-20260507T133530-6796,50
rdma_rank_wo_rdma_tcp_selection,fixed_intermediate_0.1,[_status_aggr_degree_moretopo],KRUSTYCRAB-20260507T133808-3815,50
rdma_rank_wo_rdma_tcp_selection,fixed_intermediate_0.1,[_status_aggr_degree_moretopo],KRUSTYCRAB-20260507T133942-2917,50
rdma_rank_wo_rdma_tcp_selection,fixed_intermediate_0.1,[_status_aggr_degree_moretopo],KRUSTYCRAB-20260507T134204-6756,50
rdma_rank_wo_nic_scarcity,fixed_intermediate_0.1,[_status_aggr_degree_moretopo],KRUSTYCRAB-20260507T134459-3257,50
rdma_rank_wo_nic_scarcity,fixed_intermediate_0.1,[_status_aggr_degree_moretopo],KRUSTYCRAB-20260507T134702-1305,50
rdma_rank_wo_nic_scarcity,fixed_intermediate_0.1,[_status_aggr_degree_moretopo],KRUSTYCRAB-20260507T134845-1687,50
rdma_rank_wo_nic_scarcity,fixed_intermediate_0.1,[_status_aggr_degree_moretopo],KRUSTYCRAB-20260507T135013-0507,50
rdma_rank_wo_nic_scarcity,fixed_intermediate_0.1,[_status_aggr_degree_moretopo],KRUSTYCRAB-20260507T135120-6140,50
rdma_rank_wo_slack,fixed_intermediate_0.1,[_status_aggr_degree_moretopo],KRUSTYCRAB-20260507T135242-7989,50
rdma_rank_wo_slack,fixed_intermediate_0.1,[_status_aggr_degree_moretopo],KRUSTYCRAB-20260507T135525-8089,50
rdma_rank_wo_slack,fixed_intermediate_0.1,[_status_aggr_degree_moretopo],KRUSTYCRAB-20260507T135834-3644,50
rdma_rank_wo_slack,fixed_intermediate_0.1,[_status_aggr_degree_moretopo],KRUSTYCRAB-20260507T140139-5473,50
rdma_rank_wo_slack,fixed_intermediate_0.1,[_status_aggr_degree_moretopo],KRUSTYCRAB-20260507T140404-5116,50
rdma_rank_wo_all_rdma,fixed_intermediate_0.1,[_status_aggr_degree_moretopo],KRUSTYCRAB-20260507T140656-0637,50
rdma_rank_wo_all_rdma,fixed_intermediate_0.1,[_status_aggr_degree_moretopo],KRUSTYCRAB-20260507T140919-7347,50
rdma_rank_wo_all_rdma,fixed_intermediate_0.1,[_status_aggr_degree_moretopo],KRUSTYCRAB-20260507T141149-5907,50
rdma_rank_wo_all_rdma,fixed_intermediate_0.1,[_status_aggr_degree_moretopo],KRUSTYCRAB-20260507T141359-7487,50
rdma_rank_wo_all_rdma,fixed_intermediate_0.1,[_status_aggr_degree_moretopo],KRUSTYCRAB-20260507T141503-7793,50
rdma_rank,fixed_intermediate_0.1,[_status_aggr_degree_moretopo],KRUSTYCRAB-20260507T145233-3342,50
rdma_rank,fixed_intermediate_0.1,[_status_aggr_degree_moretopo],KRUSTYCRAB-20260507T145511-7896,50
rdma_rank,fixed_intermediate_0.1,[_status_aggr_degree_moretopo],KRUSTYCRAB-20260507T145756-7325,50
rdma_rank,fixed_intermediate_0.1,[_status_aggr_degree_moretopo],KRUSTYCRAB-20260507T150036-3663,50
rdma_rank,fixed_intermediate_0.1,[_status_aggr_degree_moretopo],KRUSTYCRAB-20260507T150241-3406,50
rdma_rank_wo_node_rdma,fixed_intermediate_0.1,[_status_aggr_degree_moretopo],KRUSTYCRAB-20260507T150452-5366,50
rdma_rank_wo_node_rdma,fixed_intermediate_0.1,[_status_aggr_degree_moretopo],KRUSTYCRAB-20260507T150651-1585,50
rdma_rank_wo_node_rdma,fixed_intermediate_0.1,[_status_aggr_degree_moretopo],KRUSTYCRAB-20260507T150916-8718,50
rdma_rank_wo_node_rdma,fixed_intermediate_0.1,[_status_aggr_degree_moretopo],KRUSTYCRAB-20260507T151028-0431,50
rdma_rank_wo_node_rdma,fixed_intermediate_0.1,[_status_aggr_degree_moretopo],KRUSTYCRAB-20260507T151135-5192,50
rdma_rank_wo_slack,fixed_intermediate_0.1,[_status_aggr_degree_moretopo],KRUSTYCRAB-20260507T151303-4455,50
rdma_rank_wo_slack,fixed_intermediate_0.1,[_status_aggr_degree_moretopo],KRUSTYCRAB-20260507T151541-1339,50
rdma_rank_wo_slack,fixed_intermediate_0.1,[_status_aggr_degree_moretopo],KRUSTYCRAB-20260507T151825-5601,50
rdma_rank_wo_slack,fixed_intermediate_0.1,[_status_aggr_degree_moretopo],KRUSTYCRAB-20260507T152034-7378,50
rdma_rank_wo_slack,fixed_intermediate_0.1,[_status_aggr_degree_moretopo],KRUSTYCRAB-20260507T152215-5560,50
